STATION,DATE,ROUTE,MP,LANE,H0000,H0100,H0200,H0300,H0400,H0500,H0600,H0700,H0800,H0900,H1000,H1100,H1200,H1300,H1400,H1500,H1600,H1700,H1800,H1900,H2000,H2100,H2200,H2300,TOTAL
-0609,1/1/2018,0167,001.250,NLane1,95,48,19,6,12,15,29,31,88,150,201,268,329,373,420,512,562,309,179,116,100,43,34,18,3957
-0609,1/1/2018,0167,001.250,PLane1,81,35,23,11,6,9,56,115,302,302,286,325,324,323,292,274,215,200,173,100,120,78,62,29,3741
-0609,1/2/2018,0167,001.250,NLane1,11,7,5,16,46,125,233,370,332,255,237,298,326,303,288,381,499,319,154,87,54,49,22,14,4431
-0609,1/2/2018,0167,001.250,PLane1,17,4,8,8,8,16,91,198,360,353,260,223,222,235,254,317,361,429,311,204,149,120,68,36,4252
-0609,1/3/2018,0167,001.250,NLane1,8,9,4,11,42,139,246,392,295,244,237,270,285,239,301,385,407,274,169,93,76,46,30,11,4213
-0609,1/3/2018,0167,001.250,PLane1,29,15,4,4,7,23,101,198,312,267,227,216,217,230,235,310,383,442,322,208,131,132,79,30,4122
-0609,1/4/2018,0167,001.250,NLane1,8,9,3,14,41,138,233,388,337,249,223,273,308,273,298,343,417,333,203,107,62,39,23,10,4332
-0609,1/4/2018,0167,001.250,PLane1,26,13,9,4,9,23,99,221,339,306,208,200,197,202,263,314,393,401,348,196,173,125,77,32,4178
-0609,1/5/2018,0167,001.250,NLane1,14,6,4,9,36,106,223,378,303,274,233,293,346,266,269,388,492,330,201,108,74,69,38,32,4492
-0609,1/5/2018,0167,001.250,PLane1,32,11,6,7,9,21,94,221,367,320,231,241,235,278,291,362,373,352,318,205,174,151,123,58,4480
-0609,1/6/2018,0167,001.250,NLane1,10,6,6,9,15,29,50,86,139,223,247,336,441,397,370,356,334,305,152,87,58,59,31,16,3762
-0609,1/6/2018,0167,001.250,PLane1,37,22,10,3,6,19,73,199,519,400,326,328,313,230,243,207,184,193,175,147,114,97,85,41,3971
-0609,1/7/2018,0167,001.250,NLane1,14,10,12,4,10,20,21,29,83,106,149,222,360,338,417,506,551,253,127,113,86,45,20,10,3506
-0609,1/7/2018,0167,001.250,PLane1,32,20,6,4,4,18,64,148,595,385,331,286,269,226,187,197,185,142,99,75,82,46,22,20,3443
-0609,1/8/2018,0167,001.250,NLane1,13,2,5,12,36,147,234,414,338,220,206,276,238,246,288,350,360,259,157,91,56,28,28,13,4017
-0609,1/8/2018,0167,001.250,PLane1,8,7,5,2,6,12,95,180,313,273,205,213,201,206,222,308,325,476,348,197,143,90,52,25,3912
-0609,1/9/2018,0167,001.250,NLane1,12,6,3,10,47,134,244,389,326,245,227,231,250,185,207,241,295,252,138,86,52,43,22,14,3659
-0609,1/9/2018,0167,001.250,PLane1,22,10,7,6,10,20,66,180,248,190,143,154,176,189,226,305,362,379,299,209,149,109,78,34,3571
-0609,1/10/2018,0167,001.250,NLane1,3,5,5,10,38,128,242,388,333,217,189,202,225,218,258,295,326,278,145,102,63,45,25,10,3750
-0609,1/10/2018,0167,001.250,PLane1,22,5,8,3,5,18,76,157,286,236,172,181,204,218,212,279,358,399,318,231,172,114,61,30,3765
-0609,1/11/2018,0167,001.250,NLane1,7,6,5,11,42,120,248,400,372,209,221,284,294,239,278,302,355,298,196,77,64,61,27,11,4127
-0609,1/11/2018,0167,001.250,PLane1,34,18,3,1,9,19,95,221,307,293,192,207,225,186,228,324,362,392,291,216,163,154,98,31,4069
-0609,1/12/2018,0167,001.250,NLane1,8,9,3,8,32,84,185,320,316,245,223,324,332,345,383,439,566,374,241,137,118,79,65,38,4874
-0609,1/12/2018,0167,001.250,PLane1,20,15,8,7,8,24,80,206,437,361,322,290,312,333,295,339,367,356,326,214,195,176,106,69,4866
-0609,1/13/2018,0167,001.250,NLane1,14,8,5,5,17,25,52,87,152,229,258,323,420,446,488,617,632,336,209,99,84,73,54,33,4666
-0609,1/13/2018,0167,001.250,PLane1,40,19,9,7,8,24,123,245,525,461,397,347,317,287,314,276,300,220,235,171,149,129,104,66,4773
-0609,1/14/2018,0167,001.250,NLane1,20,6,7,6,9,11,16,38,81,93,152,179,305,251,303,432,460,269,193,118,95,61,40,11,3156
-0609,1/14/2018,0167,001.250,PLane1,37,13,10,4,5,11,48,127,376,312,267,244,271,198,196,203,216,186,130,83,109,94,46,27,3213
-0609,1/15/2018,0167,001.250,NLane1,13,5,5,15,26,74,155,211,255,257,283,323,385,411,409,524,596,386,186,87,66,49,23,14,4758
-0609,1/15/2018,0167,001.250,PLane1,19,9,4,0,6,16,104,230,437,474,389,303,300,254,306,343,343,351,255,197,146,116,68,35,4705
-0609,1/16/2018,0167,001.250,NLane1,10,4,2,15,42,126,256,404,347,262,252,278,313,289,324,438,499,314,162,101,69,42,16,15,4580
-0609,1/16/2018,0167,001.250,PLane1,18,10,7,9,6,23,89,198,417,365,296,254,252,205,252,334,395,437,328,177,141,146,67,30,4456
-0609,1/17/2018,0167,001.250,NLane1,5,2,7,8,45,127,249,387,297,259,223,245,228,262,258,305,372,313,201,91,76,54,22,5,4041
-0609,1/17/2018,0167,001.250,PLane1,19,16,6,2,4,23,97,210,318,221,197,175,222,237,232,283,344,431,326,221,152,126,64,35,3961
-0609,1/18/2018,0167,001.250,NLane1,7,3,4,10,41,148,257,396,388,258,227,254,248,232,287,345,367,291,207,110,81,50,28,11,4250
-0609,1/18/2018,0167,001.250,PLane1,25,10,5,8,8,25,97,248,314,242,171,207,234,251,238,323,367,436,299,184,176,149,107,31,4155
-0609,1/19/2018,0167,001.250,NLane1,10,7,6,10,38,93,223,335,293,258,250,287,276,289,267,336,407,257,156,81,44,24,27,13,3987
-0609,1/19/2018,0167,001.250,PLane1,32,11,4,8,8,20,106,215,325,241,231,236,242,281,324,333,350,338,219,150,130,109,86,59,4058
-0609,1/20/2018,0167,001.250,NLane1,6,5,5,6,11,19,28,70,116,228,213,292,440,478,528,661,784,416,217,98,56,52,44,30,4803
-0609,1/20/2018,0167,001.250,PLane1,37,18,4,7,6,16,65,335,925,473,343,307,319,255,220,227,212,214,177,145,119,162,154,72,4812
-0609,1/21/2018,0167,001.250,NLane1,21,11,3,2,8,18,26,34,87,102,154,212,371,383,429,554,601,249,157,111,114,51,16,16,3730
-0609,1/21/2018,0167,001.250,PLane1,30,11,8,3,3,6,65,219,655,430,339,279,299,181,189,188,188,156,119,94,106,61,26,28,3683
-0609,1/22/2018,0167,001.250,NLane1,8,3,3,13,32,140,244,393,326,201,217,220,291,263,254,336,366,282,159,100,54,34,18,4,3961
-0609,1/22/2018,0167,001.250,PLane1,8,7,5,3,6,18,87,162,333,307,242,210,210,195,192,290,330,394,281,197,138,99,57,20,3791
-0609,1/23/2018,0167,001.250,NLane1,11,4,4,9,38,126,255,395,330,222,217,234,284,238,265,354,367,294,162,123,61,25,17,10,4045
-0609,1/23/2018,0167,001.250,PLane1,17,9,7,7,10,18,90,170,362,302,195,174,175,173,228,296,376,397,312,214,164,131,64,36,3927
-0609,1/24/2018,0167,001.250,NLane1,6,3,7,11,36,119,245,374,345,249,214,262,297,315,325,376,393,283,172,90,75,41,22,5,4265
-0609,1/24/2018,0167,001.250,PLane1,26,9,9,3,6,27,79,185,385,330,217,235,235,244,240,284,359,426,304,211,144,129,70,28,4185
-0609,1/25/2018,0167,001.250,NLane1,10,8,4,7,41,117,252,379,331,222,246,225,251,195,223,286,290,241,139,80,63,49,20,9,3688
-0609,1/25/2018,0167,001.250,PLane1,20,14,4,5,7,16,77,174,244,238,175,181,211,208,213,309,331,389,324,172,140,120,57,38,3667
-0609,1/26/2018,0167,001.250,NLane1,10,7,3,10,24,74,181,323,275,264,237,284,328,312,287,373,542,345,224,143,101,49,39,23,4458
-0609,1/26/2018,0167,001.250,PLane1,15,17,6,6,9,17,79,184,474,365,265,240,278,274,293,322,380,337,313,195,158,187,143,54,4611
-0609,1/27/2018,0167,001.250,NLane1,17,7,4,6,13,31,51,108,178,238,298,352,433,441,473,632,712,443,270,296,79,59,43,27,5211
-0609,1/27/2018,0167,001.250,PLane1,36,23,5,9,6,13,81,250,784,445,432,407,374,315,316,293,263,237,221,171,156,166,116,62,5181
-0609,1/28/2018,0167,001.250,NLane1,14,4,3,3,6,15,23,43,82,93,150,188,342,307,348,494,541,294,201,137,113,57,24,16,3498
-0609,1/28/2018,0167,001.250,PLane1,26,22,10,4,4,14,79,163,462,392,320,275,252,196,170,185,214,181,135,110,98,71,43,24,3450
-0609,1/29/2018,0167,001.250,NLane1,9,2,5,9,52,140,252,406,358,239,212,263,298,263,267,315,402,301,172,108,79,30,14,12,4208
-0609,1/29/2018,0167,001.250,PLane1,14,5,5,3,7,19,93,186,314,265,215,217,194,201,214,314,372,490,308,219,144,129,63,27,4018
-0609,1/30/2018,0167,001.250,NLane1,6,5,3,13,47,148,249,408,362,270,214,262,280,236,272,321,356,268,199,111,65,54,16,8,4173
-0609,1/30/2018,0167,001.250,PLane1,15,17,3,8,35,65,110,203,294,254,215,189,204,199,248,313,355,398,336,208,149,132,84,32,4066
-0609,1/31/2018,0167,001.250,NLane1,11,4,5,12,45,144,258,382,343,265,195,256,232,244,265,318,368,335,161,96,100,44,23,10,4116
-0609,1/31/2018,0167,001.250,PLane1,30,13,5,3,8,31,101,200,283,258,184,196,253,236,246,303,370,394,303,217,187,126,74,35,4056
-0609,2/1/2018,0167,001.250,NLane1,9,9,4,11,53,140,254,401,348,222,199,246,262,235,255,328,396,330,189,97,81,67,28,9,4173
-0609,2/1/2018,0167,001.250,PLane1,20,18,8,4,13,26,90,205,281,233,223,217,205,234,265,319,400,402,352,208,157,174,67,39,4160
-0609,2/2/2018,0167,001.250,NLane1,10,8,3,10,38,107,235,357,323,229,238,289,323,314,305,392,444,412,241,106,78,69,54,30,4615
-0609,2/2/2018,0167,001.250,PLane1,37,17,1,9,5,24,140,256,357,298,238,251,283,288,304,372,388,353,310,225,162,188,136,70,4712
-0609,2/3/2018,0167,001.250,NLane1,21,6,7,10,5,32,57,89,172,230,308,377,424,482,406,515,628,361,232,125,91,52,35,28,4693
-0609,2/3/2018,0167,001.250,PLane1,44,23,10,4,3,10,102,212,478,428,354,342,347,280,285,304,262,272,221,169,167,160,116,66,4659
-0609,2/4/2018,0167,001.250,NLane1,12,9,8,6,5,13,25,32,72,100,175,207,321,325,293,372,275,119,91,82,243,156,43,8,2992
-0609,2/4/2018,0167,001.250,PLane1,41,17,6,3,3,10,74,129,307,275,207,189,208,170,208,231,233,152,62,60,119,152,47,29,2932
-0609,2/5/2018,0167,001.250,NLane1,14,3,5,11,44,130,247,406,361,238,230,221,217,201,202,236,324,305,156,80,67,39,24,7,3768
-0609,2/5/2018,0167,001.250,PLane1,10,3,2,2,9,19,86,183,221,197,149,180,195,190,212,286,373,402,323,234,154,85,50,34,3599
-0609,2/6/2018,0167,001.250,NLane1,12,4,2,11,43,135,242,416,365,257,201,213,232,200,183,254,361,314,200,99,64,36,23,4,3871
-0609,2/6/2018,0167,001.250,PLane1,14,10,5,5,9,18,95,166,254,199,167,184,188,186,219,326,381,396,348,230,172,159,59,30,3820
-0609,2/7/2018,0167,001.250,NLane1,8,3,3,13,50,135,240,401,369,254,199,263,250,257,253,323,366,294,208,102,83,51,27,14,4166
-0609,2/7/2018,0167,001.250,PLane1,30,9,7,2,5,23,89,212,297,249,200,206,213,231,227,306,408,463,331,218,183,128,66,42,4145
-0609,2/8/2018,0167,001.250,NLane1,7,4,9,11,43,113,241,418,383,243,231,255,268,228,231,290,376,304,184,93,78,54,21,18,4103
-0609,2/8/2018,0167,001.250,PLane1,14,15,4,4,6,25,91,200,262,248,169,207,211,188,209,358,359,374,366,269,183,180,79,41,4062
-0609,2/9/2018,0167,001.250,NLane1,13,6,5,11,39,68,246,344,365,237,258,265,335,275,289,359,429,342,204,109,73,71,44,31,4418
-0609,2/9/2018,0167,001.250,PLane1,33,15,8,7,10,22,117,204,328,260,232,226,230,249,300,375,370,418,341,199,170,201,127,82,4524
-0609,2/10/2018,0167,001.250,NLane1,21,11,5,7,15,33,63,113,175,245,311,321,433,406,382,522,489,342,188,117,75,72,37,22,4405
-0609,2/10/2018,0167,001.250,PLane1,37,18,11,6,5,11,79,150,457,359,335,303,271,260,321,249,267,221,232,182,172,158,112,57,4273
-0609,2/11/2018,0167,001.250,NLane1,12,13,4,4,11,13,34,34,74,114,167,207,299,268,327,356,394,218,136,124,103,58,25,14,3009
-0609,2/11/2018,0167,001.250,PLane1,31,22,13,4,5,14,59,118,346,271,220,211,241,188,164,175,236,183,136,107,110,67,43,24,2988
-0609,2/12/2018,0167,001.250,NLane1,12,11,4,6,53,135,251,446,351,223,230,240,238,186,216,265,352,289,185,75,69,45,16,12,3910
-0609,2/12/2018,0167,001.250,PLane1,16,4,4,0,7,18,84,186,232,175,152,190,175,206,203,304,358,439,351,220,167,109,75,31,3706
-0609,2/13/2018,0167,001.250,NLane1,10,5,4,8,48,141,267,401,354,247,213,263,285,220,276,330,437,329,195,92,69,51,19,11,4275
-0609,2/13/2018,0167,001.250,PLane1,18,14,8,7,10,22,120,232,348,284,190,201,179,214,225,313,407,418,372,244,185,156,68,28,4263
-0609,2/14/2018,0167,001.250,NLane1,8,6,4,9,46,124,259,400,373,281,259,298,301,252,310,357,498,356,193,100,75,47,46,24,4626
-0609,2/14/2018,0167,001.250,PLane1,22,13,5,7,7,24,94,254,294,291,250,232,245,289,274,347,427,448,326,276,166,139,92,36,4558
-0609,2/15/2018,0167,001.250,NLane1,13,5,4,12,43,130,253,394,347,245,199,277,291,215,280,312,385,350,165,117,65,43,21,13,4179
-0609,2/15/2018,0167,001.250,PLane1,12,17,5,5,8,22,91,227,317,242,215,220,231,236,255,353,377,396,333,194,159,164,84,42,4205
-0609,2/16/2018,0167,001.250,NLane1,8,8,3,11,41,107,192,328,340,298,251,304,383,352,386,515,598,360,211,131,74,40,37,23,5001
-0609,2/16/2018,0167,001.250,PLane1,28,18,7,4,6,11,96,230,525,401,290,302,337,302,330,372,367,372,313,201,181,150,127,55,5025
-0609,2/17/2018,0167,001.250,NLane1,27,6,9,4,16,19,43,99,172,233,243,275,350,369,430,477,557,313,186,98,77,66,38,29,4136
-0609,2/17/2018,0167,001.250,PLane1,37,29,11,2,3,11,65,171,459,353,308,338,287,270,266,267,242,245,213,170,143,128,93,56,4167
-0609,2/18/2018,0167,001.250,NLane1,7,11,3,1,11,19,23,36,82,110,132,147,229,214,209,245,304,188,95,73,92,30,26,11,2298
-0609,2/18/2018,0167,001.250,PLane1,31,22,5,7,4,9,39,90,273,212,191,168,156,165,138,157,169,150,94,49,77,63,40,30,2339
-0609,2/19/2018,0167,001.250,NLane1,16,7,4,4,20,61,104,159,201,202,220,304,380,400,419,539,626,338,160,80,62,37,23,12,4378
-0609,2/19/2018,0167,001.250,PLane1,18,9,8,3,5,22,60,413,749,344,311,285,228,202,182,230,256,259,227,165,148,75,56,41,4296
-0609,2/20/2018,0167,001.250,NLane1,13,2,4,9,41,133,244,356,322,236,198,262,287,258,281,419,425,296,164,98,73,44,16,16,4197
-0609,2/20/2018,0167,001.250,PLane1,16,6,5,2,15,11,78,199,394,336,238,237,203,196,218,310,354,423,354,199,168,118,77,34,4191
-0609,2/21/2018,0167,001.250,NLane1,5,3,8,9,53,138,266,370,362,249,231,252,271,279,307,384,462,377,191,82,78,49,19,10,4455
-0609,2/21/2018,0167,001.250,PLane1,25,14,3,0,9,24,84,217,418,351,259,217,233,255,232,316,398,407,348,205,166,132,54,34,4401
-0609,2/22/2018,0167,001.250,NLane1,9,6,4,10,36,116,255,412,350,261,238,276,275,268,291,294,358,327,195,84,53,49,19,9,4195
-0609,2/22/2018,0167,001.250,PLane1,18,10,4,3,10,30,77,196,344,338,246,223,205,242,251,307,361,449,355,187,129,127,56,42,4210
-0609,2/23/2018,0167,001.250,NLane1,7,3,4,7,35,82,185,331,274,161,182,218,314,310,278,351,570,353,200,112,76,64,30,25,4172
-0609,2/23/2018,0167,001.250,PLane1,22,15,1,5,8,25,73,234,511,355,246,213,243,257,221,264,281,306,237,198,151,147,128,66,4207
-0609,2/25/2018,0167,001.250,NLane1,28,10,3,9,8,21,22,41,88,124,140,192,342,371,432,623,961,551,311,167,94,58,21,11,4628
-0609,2/25/2018,0167,001.250,PLane1,27,12,2,4,4,16,75,463,726,407,365,289,286,175,210,200,214,183,158,115,100,72,36,15,4154
-0609,2/26/2018,0167,001.250,NLane1,8,5,5,8,43,136,238,436,367,261,247,275,260,279,307,346,396,302,176,84,58,43,27,14,4321
-0609,2/26/2018,0167,001.250,PLane1,11,6,4,2,8,19,86,233,364,315,214,220,226,230,231,332,379,433,303,218,159,111,72,33,4209
-0609,2/27/2018,0167,001.250,NLane1,7,8,4,9,47,134,246,384,439,267,237,256,329,295,327,410,506,333,174,113,66,55,16,11,4673
-0609,2/27/2018,0167,001.250,PLane1,20,11,9,6,16,13,90,237,475,347,257,238,247,249,255,364,365,430,365,222,146,135,73,26,4596
-0609,2/28/2018,0167,001.250,NLane1,4,6,5,9,50,127,256,393,386,243,212,278,288,276,365,433,512,321,213,110,61,41,17,7,4613
-0609,2/28/2018,0167,001.250,PLane1,19,9,8,1,3,20,88,224,463,385,259,269,248,278,248,333,377,387,374,221,192,120,61,46,4633
-0609,3/1/2018,0167,001.250,NLane1,12,5,5,8,51,126,247,413,372,263,236,266,314,306,275,299,386,322,174,115,70,74,32,20,4391
-0609,3/1/2018,0167,001.250,PLane1,23,15,9,3,8,24,102,261,397,273,246,209,231,235,238,297,340,397,361,212,191,154,89,42,4357
-0609,3/2/2018,0167,001.250,NLane1,11,3,9,9,43,86,229,351,307,232,272,317,270,253,250,309,364,275,203,108,78,62,54,22,4117
-0609,3/2/2018,0167,001.250,PLane1,19,16,11,6,9,16,91,224,389,236,199,226,213,229,274,357,354,368,230,206,155,155,132,67,4182
-0609,3/3/2018,0167,001.250,NLane1,15,6,2,11,14,30,60,119,180,235,256,347,391,382,341,535,559,360,162,110,63,52,40,27,4297
-0609,3/3/2018,0167,001.250,PLane1,32,22,6,5,6,13,61,298,508,320,330,283,274,256,272,235,262,197,213,169,149,130,115,52,4208
-0609,3/4/2018,0167,001.250,NLane1,13,5,4,4,12,16,24,37,61,75,112,140,292,280,361,448,507,295,122,104,103,67,24,7,3113
-0609,3/4/2018,0167,001.250,PLane1,29,13,7,4,4,21,30,301,423,272,258,208,220,166,160,157,169,164,115,94,94,75,48,25,3057
-0609,3/5/2018,0167,001.250,NLane1,8,4,5,10,40,144,240,424,333,242,224,310,361,360,373,424,505,318,181,99,46,52,17,8,4728
-0609,3/5/2018,0167,001.250,PLane1,9,4,4,4,8,26,98,250,556,433,264,244,276,222,240,312,390,416,342,220,152,102,71,34,4677
-0609,3/6/2018,0167,001.250,NLane1,8,4,5,11,39,137,266,421,343,234,206,276,322,336,326,430,511,355,177,104,64,48,29,9,4661
-0609,3/6/2018,0167,001.250,PLane1,17,11,7,5,8,16,98,232,463,346,234,257,249,225,282,327,386,400,351,234,157,137,77,26,4545
-0609,3/7/2018,0167,001.250,NLane1,11,5,3,10,43,126,234,383,379,247,233,242,316,298,355,430,469,350,178,101,63,36,12,13,4537
-0609,3/7/2018,0167,001.250,PLane1,18,13,7,2,9,18,94,238,461,361,265,264,255,237,265,338,369,409,313,218,162,120,72,25,4533
-0609,3/8/2018,0167,001.250,NLane1,7,11,3,13,42,129,265,398,335,231,214,278,327,232,305,395,434,259,198,107,64,63,27,10,4347
-0609,3/8/2018,0167,001.250,PLane1,19,23,10,3,12,23,88,241,388,295,226,237,216,185,263,329,370,441,303,220,177,122,77,37,4305
-0609,3/9/2018,0167,001.250,NLane1,19,5,6,7,34,90,205,355,335,273,233,270,354,333,267,446,525,404,206,100,62,71,45,29,4674
-0609,3/9/2018,0167,001.250,PLane1,17,24,7,10,4,25,93,209,417,329,252,291,256,290,307,363,399,360,245,207,181,200,148,59,4693
-0609,3/10/2018,0167,001.250,NLane1,18,5,3,12,9,29,49,141,199,255,259,353,404,399,411,526,641,401,226,138,76,73,56,33,4716
-0609,3/10/2018,0167,001.250,PLane1,33,22,7,4,8,12,68,254,584,469,379,318,306,280,285,269,303,266,234,203,155,148,99,72,4778
-0609,3/12/2018,0167,001.250,NLane1,7,7,9,35,139,245,398,357,251,52,,207,245,242,268,340,385,308,177,131,86,37,27,15,3968
-0609,3/12/2018,0167,001.250,PLane1,7,4,0,6,28,94,188,302,228,50,,208,221,195,219,338,362,402,388,217,191,120,57,37,3862
-0609,3/13/2018,0167,001.250,NLane1,11,6,2,9,37,113,249,406,359,289,241,246,310,257,305,390,395,322,196,131,80,53,21,13,4441
-0609,3/13/2018,0167,001.250,PLane1,22,14,6,5,9,22,86,201,281,273,248,218,233,227,273,344,360,441,391,221,177,158,103,37,4350
-0609,3/14/2018,0167,001.250,NLane1,6,4,2,8,29,147,247,389,348,249,202,233,227,202,263,271,328,235,143,105,69,42,23,12,3784
-0609,3/14/2018,0167,001.250,PLane1,25,12,6,3,7,23,84,189,218,193,174,164,211,228,208,289,384,378,356,220,172,116,61,45,3766
-0609,3/15/2018,0167,001.250,NLane1,7,7,0,10,43,119,245,379,347,208,166,225,262,225,241,310,355,276,187,98,74,56,27,10,3877
-0609,3/15/2018,0167,001.250,PLane1,25,20,11,0,11,26,84,183,258,247,174,180,186,209,251,268,338,397,335,182,201,168,107,38,3899
-0609,3/16/2018,0167,001.250,NLane1,11,4,3,9,38,100,206,369,348,256,263,330,352,391,374,456,638,410,241,130,80,64,55,40,5168
-0609,3/16/2018,0167,001.250,PLane1,21,14,6,9,13,18,86,221,499,425,284,292,353,379,330,354,371,412,334,201,178,220,149,105,5274
-0609,3/17/2018,0167,001.250,NLane1,12,9,2,5,11,19,47,103,186,184,170,232,291,344,384,461,607,358,211,121,96,75,54,41,4023
-0609,3/17/2018,0167,001.250,PLane1,42,22,7,4,3,10,45,179,440,276,303,285,224,252,221,242,211,245,219,167,192,173,143,73,3978
-0609,3/18/2018,0167,001.250,NLane1,22,7,4,4,11,22,19,29,71,84,140,182,312,320,357,438,524,272,142,139,110,51,33,8,3301
-0609,3/18/2018,0167,001.250,PLane1,36,13,6,1,3,16,30,160,466,331,273,253,282,202,164,178,221,179,132,88,103,80,40,18,3275
-0609,3/19/2018,0167,001.250,NLane1,13,7,4,7,49,139,249,407,353,287,271,310,389,367,435,513,626,329,192,89,77,37,23,9,5182
-0609,3/19/2018,0167,001.250,PLane1,9,5,7,2,7,17,89,202,556,473,367,330,300,270,256,338,390,427,357,269,183,115,50,26,5045
-0609,3/20/2018,0167,001.250,NLane1,11,3,10,7,38,133,246,429,387,251,228,279,268,281,351,390,424,272,192,122,75,48,26,9,4480
-0609,3/20/2018,0167,001.250,PLane1,20,9,3,3,12,23,111,200,378,268,267,222,244,221,278,331,389,425,358,221,161,153,117,24,4438
-0609,3/21/2018,0167,001.250,NLane1,6,3,3,10,45,120,232,421,394,272,229,271,275,242,298,344,355,280,146,124,92,49,33,10,4254
-0609,3/21/2018,0167,001.250,PLane1,28,11,6,2,6,23,92,195,293,247,224,208,262,261,255,340,360,443,375,220,176,138,67,38,4270
-0609,3/22/2018,0167,001.250,NLane1,13,6,4,11,36,112,233,410,423,287,263,292,237,204,229,258,281,264,146,92,78,38,26,11,3954
-0609,3/22/2018,0167,001.250,PLane1,16,14,5,6,11,21,107,208,219,198,175,203,178,198,240,311,345,400,365,190,148,192,90,45,3885
-0609,3/23/2018,0167,001.250,NLane1,11,4,2,10,35,74,198,361,324,254,246,255,360,264,218,305,403,310,207,152,112,60,70,42,4277
-0609,3/23/2018,0167,001.250,PLane1,31,13,3,7,8,27,84,176,320,249,185,213,202,267,278,339,337,415,332,245,220,191,158,73,4373
-0609,3/24/2018,0167,001.250,NLane1,17,5,4,5,9,17,60,126,178,267,283,346,375,405,388,459,584,347,216,151,108,62,57,41,4510
-0609,3/24/2018,0167,001.250,PLane1,46,22,10,7,5,10,81,171,424,389,313,340,289,321,267,278,249,247,246,218,173,166,111,90,4473
-0609,3/25/2018,0167,001.250,NLane1,14,7,4,2,7,16,19,32,81,87,138,190,303,241,316,309,363,216,141,117,129,74,34,9,2849
-0609,3/25/2018,0167,001.250,PLane1,40,32,8,4,5,8,73,113,320,252,231,198,161,166,160,181,196,147,123,101,112,97,49,27,2804
-0609,3/26/2018,0167,001.250,NLane1,8,8,7,9,43,118,243,429,316,252,226,293,310,281,307,386,457,322,186,106,88,41,21,11,4468
-0609,3/26/2018,0167,001.250,PLane1,12,2,6,2,7,33,71,197,457,339,274,217,245,202,223,287,355,437,369,203,171,132,63,36,4340
-0609,3/27/2018,0167,001.250,NLane1,6,7,5,9,49,133,251,421,355,287,263,304,319,309,362,395,415,322,198,114,106,59,20,9,4718
-0609,3/27/2018,0167,001.250,PLane1,24,13,4,5,11,25,89,203,400,375,292,225,256,270,249,332,375,416,363,256,194,147,74,40,4638
-0609,3/28/2018,0167,001.250,NLane1,10,1,1,10,50,122,247,409,353,280,237,261,272,283,269,336,370,334,201,138,91,65,33,22,4395
-0609,3/28/2018,0167,001.250,PLane1,18,20,4,6,4,26,80,213,284,253,239,213,249,230,283,345,360,428,339,250,188,147,114,49,4342
-0609,3/29/2018,0167,001.250,NLane1,11,5,4,14,40,109,251,380,359,259,269,293,303,311,325,353,373,289,161,121,86,60,39,18,4433
-0609,3/29/2018,0167,001.250,PLane1,25,15,11,8,13,19,83,193,344,266,244,227,245,261,249,333,334,399,340,279,211,182,87,41,4409
-0609,3/30/2018,0167,001.250,NLane1,9,3,3,8,38,90,181,299,306,261,266,310,332,343,378,391,370,312,214,127,90,62,47,38,4478
-0609,3/30/2018,0167,001.250,PLane1,25,15,6,6,3,19,85,176,374,339,250,232,263,282,286,341,305,370,273,224,236,176,178,85,4549
-0609,3/31/2018,0167,001.250,NLane1,19,8,5,7,11,20,48,96,198,223,224,246,312,294,266,361,375,321,195,140,144,93,63,38,3707
-0609,3/31/2018,0167,001.250,PLane1,49,21,10,4,4,12,66,136,264,295,260,272,310,256,236,278,214,245,204,187,171,193,126,74,3887
-0609,4/1/2018,0167,001.250,NLane1,24,9,4,3,8,14,22,41,64,129,128,185,298,281,291,345,433,288,216,261,227,121,41,21,3454
-0609,4/1/2018,0167,001.250,PLane1,39,22,4,1,4,8,33,96,216,232,233,248,296,270,272,210,258,210,164,161,156,106,54,30,3323
-0609,4/2/2018,0167,001.250,NLane1,10,5,5,13,43,102,244,330,329,268,252,253,280,284,251,283,277,236,172,94,69,42,29,13,3884
-0609,4/2/2018,0167,001.250,PLane1,17,8,2,2,6,18,80,173,229,201,184,221,210,243,241,294,339,366,353,201,163,100,59,40,3750
-0609,4/3/2018,0167,001.250,NLane1,11,4,4,12,32,128,232,384,366,264,210,272,311,280,274,357,379,297,193,119,85,57,26,14,4311
-0609,4/3/2018,0167,001.250,PLane1,18,10,9,6,8,24,91,215,296,246,241,261,238,209,287,313,376,398,285,222,179,141,76,28,4177
-0609,4/4/2018,0167,001.250,NLane1,9,7,2,9,44,130,221,340,328,271,261,260,235,212,232,264,360,278,155,132,96,62,22,12,3942
-0609,4/4/2018,0167,001.250,PLane1,24,17,4,2,5,25,93,207,241,222,182,202,212,233,243,300,395,413,321,188,188,115,66,35,3933
-0609,4/5/2018,0167,001.250,NLane1,5,9,2,7,43,123,222,352,384,267,235,248,292,262,240,299,381,309,212,171,101,71,31,13,4279
-0609,4/5/2018,0167,001.250,PLane1,19,17,9,3,9,26,106,193,232,196,249,208,234,238,290,331,456,445,324,206,174,144,107,36,4252
-0609,4/6/2018,0167,001.250,NLane1,13,4,1,11,35,79,189,296,350,277,257,286,238,238,240,276,311,276,169,96,85,63,46,37,3873
-0609,4/6/2018,0167,001.250,PLane1,30,14,11,5,9,16,83,168,179,176,191,222,218,262,277,312,373,326,266,205,189,161,114,80,3887
-0609,4/7/2018,0167,001.250,NLane1,21,8,7,5,9,28,55,114,168,190,263,315,292,257,217,225,239,255,206,99,79,80,43,34,3209
-0609,4/7/2018,0167,001.250,PLane1,36,22,7,8,5,17,80,94,149,163,182,193,210,231,224,289,277,227,217,181,132,144,132,73,3293
-0609,4/8/2018,0167,001.250,NLane1,15,7,8,6,6,15,19,33,75,91,150,151,252,193,188,208,271,183,145,155,137,74,29,12,2423
-0609,4/8/2018,0167,001.250,PLane1,40,10,9,7,6,10,35,52,172,131,132,176,177,168,175,174,206,210,151,142,111,79,36,22,2431
-0609,4/9/2018,0167,001.250,NLane1,9,4,6,10,46,134,245,421,367,289,224,278,287,252,278,291,338,277,164,159,93,42,28,15,4257
-0609,4/9/2018,0167,001.250,PLane1,12,11,6,1,6,20,107,178,239,222,196,254,235,210,228,349,361,440,346,258,188,111,63,34,4075
-0609,4/10/2018,0167,001.250,NLane1,7,4,1,10,44,110,280,413,374,299,268,288,279,245,287,302,318,293,179,139,83,51,21,10,4305
-0609,4/10/2018,0167,001.250,PLane1,33,8,7,4,9,24,112,188,264,215,204,221,235,257,268,344,374,399,321,256,201,173,73,42,4232
-0609,4/11/2018,0167,001.250,NLane1,7,3,4,6,41,129,263,425,396,282,263,279,254,233,279,268,336,323,199,137,99,63,28,11,4328
-0609,4/11/2018,0167,001.250,PLane1,27,9,7,4,2,23,99,203,238,233,193,226,244,266,259,371,374,453,325,241,211,132,64,55,4259
-0609,4/12/2018,0167,001.250,NLane1,5,2,3,9,37,125,275,362,366,256,198,218,218,181,242,349,420,356,236,118,120,75,30,12,4213
-0609,4/12/2018,0167,001.250,PLane1,23,13,7,2,9,23,90,175,146,164,150,169,192,203,252,315,426,512,446,292,236,186,104,50,4185
-0609,4/13/2018,0167,001.250,NLane1,13,3,6,7,41,94,229,346,327,276,250,373,288,334,305,323,402,349,221,152,112,99,60,36,4646
-0609,4/13/2018,0167,001.250,PLane1,53,9,3,4,7,14,96,191,376,306,252,216,263,275,281,342,432,376,310,253,234,199,128,80,4700
-0609,4/14/2018,0167,001.250,NLane1,16,5,4,5,15,34,54,182,203,246,287,388,381,421,468,518,486,337,294,190,150,108,46,34,4872
-0609,4/14/2018,0167,001.250,PLane1,48,29,8,5,7,23,44,137,383,366,397,430,392,354,282,340,310,264,294,215,177,177,129,74,4885
-0609,4/15/2018,0167,001.250,NLane1,17,13,5,5,5,18,21,40,77,112,160,174,290,255,276,309,384,288,169,212,240,141,58,19,3288
-0609,4/15/2018,0167,001.250,PLane1,40,18,11,2,6,10,37,91,223,225,240,218,308,225,214,185,248,237,146,154,141,124,59,35,3197
-0609,4/16/2018,0167,001.250,NLane1,12,7,4,16,56,149,250,428,388,289,203,274,207,205,220,258,324,290,192,119,89,36,16,9,4041
-0609,4/16/2018,0167,001.250,PLane1,13,7,7,3,10,17,96,172,172,202,146,196,206,240,274,334,405,433,312,227,211,146,62,25,3916
-0609,4/17/2018,0167,001.250,NLane1,8,4,2,13,41,119,251,415,354,266,246,224,251,210,187,281,272,298,165,122,124,51,21,11,3936
-0609,4/17/2018,0167,001.250,PLane1,29,9,8,10,8,18,101,186,182,161,158,187,170,209,260,319,346,396,352,254,201,164,75,44,3847
-0609,4/18/2018,0167,001.250,NLane1,7,5,4,9,48,113,238,414,396,268,246,208,214,233,243,300,282,268,180,120,115,48,19,11,3989
-0609,4/18/2018,0167,001.250,PLane1,20,12,10,3,8,17,104,201,181,163,181,172,224,247,235,341,391,402,332,228,208,146,74,44,3944
-0609,4/19/2018,0167,001.250,NLane1,6,4,4,9,42,130,284,372,375,262,251,265,256,231,230,289,293,269,173,145,103,82,20,17,4112
-0609,4/19/2018,0167,001.250,PLane1,20,12,4,3,14,22,109,158,186,204,192,223,224,218,293,340,339,386,374,271,202,161,75,41,4071
-0609,4/20/2018,0167,001.250,NLane1,7,6,7,9,46,94,227,357,342,281,219,219,236,227,173,286,302,295,194,163,147,86,41,32,3996
-0609,4/20/2018,0167,001.250,PLane1,37,12,10,7,8,14,96,147,145,166,152,180,209,245,296,339,377,375,359,234,218,219,116,78,4039
-0609,4/21/2018,0167,001.250,NLane1,24,8,6,6,14,29,81,140,206,241,257,275,273,252,257,292,284,287,280,210,141,82,63,48,3756
-0609,4/21/2018,0167,001.250,PLane1,43,21,7,5,6,15,43,77,156,162,193,253,265,253,309,329,282,282,242,242,187,196,137,107,3812
-0609,4/22/2018,0167,001.250,NLane1,26,10,5,8,7,17,30,68,83,131,248,208,215,193,186,246,284,298,231,206,203,112,43,17,3075
-0609,4/22/2018,0167,001.250,PLane1,38,19,8,3,8,6,18,30,95,99,188,206,242,266,276,266,294,262,185,183,130,104,51,26,3003
-0609,4/23/2018,0167,001.250,NLane1,7,6,4,6,43,147,248,421,368,267,225,226,240,231,237,272,290,271,175,132,91,38,30,21,3996
-0609,4/23/2018,0167,001.250,PLane1,17,6,2,2,13,17,94,187,171,158,192,216,228,224,272,317,361,417,320,229,179,132,58,47,3859
-0609,4/24/2018,0167,001.250,NLane1,13,10,3,8,42,118,265,416,365,278,240,215,231,229,254,263,321,303,187,165,108,56,26,12,4128
-0609,4/24/2018,0167,001.250,PLane1,46,12,8,6,4,23,129,182,187,179,159,197,203,202,274,368,444,472,307,239,202,158,72,38,4111
-0609,4/25/2018,0167,001.250,NLane1,6,2,2,8,42,113,295,385,383,301,238,239,230,234,256,280,346,336,205,136,106,77,29,10,4259
-0609,4/25/2018,0167,001.250,PLane1,23,14,5,5,5,26,110,206,180,180,197,204,245,246,271,359,417,440,353,250,206,158,85,39,4224
-0609,4/26/2018,0167,001.250,NLane1,7,5,3,7,48,124,280,408,398,295,286,286,270,204,240,257,310,280,217,139,120,58,44,18,4304
-0609,4/26/2018,0167,001.250,PLane1,11,11,9,2,17,28,110,213,192,213,177,196,248,253,306,332,397,419,328,237,198,138,115,53,4203
-0609,4/27/2018,0167,001.250,NLane1,11,3,4,12,42,104,248,359,289,253,218,252,266,237,242,262,251,256,231,192,166,77,51,49,4075
-0609,4/27/2018,0167,001.250,PLane1,32,16,10,6,13,33,108,136,141,159,178,200,211,285,306,362,365,397,349,243,221,165,133,75,4144
-0609,4/28/2018,0167,001.250,NLane1,24,10,1,10,16,18,75,131,195,260,284,348,367,333,330,313,280,274,253,202,137,97,53,31,4042
-0609,4/28/2018,0167,001.250,PLane1,71,29,10,2,5,22,75,110,170,238,224,252,320,337,312,301,293,326,240,243,193,183,120,70,4146
-0609,4/29/2018,0167,001.250,NLane1,18,4,11,4,9,15,24,46,76,119,171,159,264,168,215,229,239,222,188,176,158,84,33,11,2643
-0609,4/29/2018,0167,001.250,PLane1,46,19,8,1,2,9,16,43,86,107,183,152,204,213,199,220,257,206,188,144,145,75,49,22,2594
-0609,4/30/2018,0167,001.250,NLane1,6,8,4,9,42,144,243,398,378,244,171,185,182,181,171,225,256,259,150,111,105,54,30,13,3569
-0609,4/30/2018,0167,001.250,PLane1,18,9,5,3,9,19,100,160,146,125,110,145,170,169,236,289,394,454,346,220,151,138,71,34,3521
-0609,5/1/2018,0167,001.250,NLane1,12,5,4,13,45,120,276,430,365,281,222,220,243,225,239,266,319,300,196,166,103,63,23,9,4145
-0609,5/1/2018,0167,001.250,PLane1,24,8,9,9,8,30,105,176,192,173,190,207,209,243,254,326,399,478,305,247,202,167,88,43,4092
-0609,5/2/2018,0167,001.250,NLane1,7,7,3,4,40,127,247,413,383,275,244,244,213,229,241,273,296,240,159,125,99,61,26,12,3968
-0609,5/2/2018,0167,001.250,PLane1,31,14,3,5,6,18,105,178,210,175,208,182,242,267,257,283,359,421,341,221,187,127,74,38,3952
-0609,5/3/2018,0167,001.250,NLane1,9,2,3,9,37,135,266,404,396,283,241,228,235,215,229,319,342,319,214,149,137,116,52,19,4359
-0609,5/3/2018,0167,001.250,PLane1,20,17,3,4,10,26,120,186,187,180,222,199,234,231,284,360,397,434,398,277,216,186,86,45,4322
-0609,5/4/2018,0167,001.250,NLane1,12,6,5,13,28,84,242,345,356,270,243,245,249,242,197,286,318,311,203,216,143,93,44,42,4193
-0609,5/4/2018,0167,001.250,PLane1,27,21,8,6,9,25,89,180,188,216,193,216,224,285,293,353,407,430,397,306,241,166,126,115,4521
-0609,5/5/2018,0167,001.250,NLane1,33,8,6,6,13,29,72,148,207,302,294,289,280,318,342,307,291,287,272,188,186,109,55,59,4101
-0609,5/5/2018,0167,001.250,PLane1,46,18,12,2,8,23,52,119,162,186,227,277,301,348,342,352,339,290,250,226,166,160,129,90,4125
-0609,5/6/2018,0167,001.250,NLane1,16,6,7,1,12,14,27,49,104,125,196,176,240,211,235,272,310,292,195,193,215,116,34,13,3059
-0609,5/6/2018,0167,001.250,PLane1,34,13,10,1,9,18,29,46,142,120,171,190,248,243,259,249,252,222,177,147,172,113,56,28,2949
-0609,5/7/2018,0167,001.250,NLane1,17,7,7,9,42,138,287,439,366,226,219,219,204,200,238,269,282,277,210,126,110,81,32,5,4010
-0609,5/7/2018,0167,001.250,PLane1,19,7,3,2,8,25,109,161,168,166,163,193,210,201,255,331,388,456,327,240,183,154,64,34,3867
-0609,5/8/2018,0167,001.250,NLane1,11,4,1,11,38,153,290,418,389,289,222,255,281,269,248,321,338,345,230,185,123,77,38,12,4548
-0609,5/8/2018,0167,001.250,PLane1,25,13,2,4,13,32,126,183,198,194,198,213,248,259,313,368,455,533,399,221,183,160,98,53,4491
-0609,5/9/2018,0167,001.250,NLane1,9,3,2,7,38,138,286,401,409,291,245,277,259,215,259,291,387,318,214,155,165,82,24,13,4488
-0609,5/9/2018,0167,001.250,PLane1,26,13,3,6,8,34,118,183,200,190,220,230,230,267,281,384,424,454,375,271,217,167,78,38,4417
-0609,5/10/2018,0167,001.250,NLane1,10,4,2,6,51,120,276,406,397,273,248,280,268,247,255,327,348,345,209,167,136,87,38,13,4513
-0609,5/10/2018,0167,001.250,PLane1,32,11,9,6,8,39,117,201,206,204,218,244,223,256,285,414,390,430,351,282,242,154,95,56,4473
-0609,5/11/2018,0167,001.250,NLane1,12,6,1,15,39,110,235,367,354,294,237,267,255,190,206,260,297,273,211,131,84,78,59,43,4024
-0609,5/11/2018,0167,001.250,PLane1,22,15,5,6,6,25,86,166,172,152,185,198,213,260,312,358,401,435,361,254,235,182,142,66,4257
-0609,5/12/2018,0167,001.250,NLane1,21,9,6,10,12,21,52,111,200,286,341,307,350,269,256,253,261,240,228,194,149,79,39,40,3734
-0609,5/12/2018,0167,001.250,PLane1,40,20,15,2,2,18,21,93,132,174,229,186,253,269,288,264,319,264,247,187,196,197,153,92,3661
-0609,5/13/2018,0167,001.250,NLane1,12,10,8,3,10,13,27,43,93,117,157,152,264,227,235,234,353,269,230,263,254,135,49,15,3173
-0609,5/13/2018,0167,001.250,PLane1,45,24,6,4,8,13,11,51,139,117,155,178,222,229,285,283,301,266,182,193,183,131,43,21,3090
-0609,5/14/2018,0167,001.250,NLane1,13,6,3,9,37,147,303,431,400,264,246,244,274,232,249,279,347,321,147,126,81,57,30,14,4260
-0609,5/14/2018,0167,001.250,PLane1,10,2,6,1,9,29,120,212,182,191,211,225,207,262,295,352,395,477,347,237,175,135,62,38,4180
-0609,5/15/2018,0167,001.250,NLane1,9,4,4,13,45,150,311,417,413,297,256,230,251,249,239,297,361,308,227,153,147,83,23,9,4496
-0609,5/15/2018,0167,001.250,PLane1,29,7,5,4,10,26,126,204,188,199,192,223,214,272,256,404,451,497,360,226,208,179,88,37,4405
-0609,5/16/2018,0167,001.250,NLane1,7,8,2,8,48,145,302,419,393,293,241,285,233,254,251,301,345,356,213,198,150,88,34,20,4594
-0609,5/16/2018,0167,001.250,PLane1,19,11,7,4,8,39,121,188,210,225,242,225,233,251,273,373,423,491,405,243,221,155,98,47,4512
-0609,5/17/2018,0167,001.250,NLane1,10,6,2,8,41,137,293,416,398,271,246,263,273,213,251,309,336,351,253,182,175,117,51,18,4620
-0609,5/17/2018,0167,001.250,PLane1,28,13,9,3,7,35,133,208,192,197,208,242,214,262,305,411,447,482,407,271,210,179,98,54,4615
-0609,5/18/2018,0167,001.250,NLane1,12,12,7,11,36,100,231,360,321,291,263,248,237,200,238,261,291,251,231,157,136,156,96,61,4207
-0609,5/18/2018,0167,001.250,PLane1,26,19,9,5,6,32,87,162,188,164,181,219,203,270,309,377,381,558,479,381,235,206,165,90,4752
-0609,5/19/2018,0167,001.250,NLane1,15,10,3,8,21,35,193,229,380,532,507,461,458,353,294,295,347,320,269,255,182,147,96,41,5451
-0609,5/19/2018,0167,001.250,PLane1,42,25,11,6,18,108,164,155,202,241,302,347,381,394,353,371,335,351,356,236,224,195,159,90,5066
-0609,5/20/2018,0167,001.250,NLane1,19,26,5,6,10,15,34,54,94,112,211,208,273,223,283,290,377,213,184,140,164,106,42,32,3121
-0609,5/20/2018,0167,001.250,PLane1,44,25,5,4,7,19,29,65,122,130,201,215,234,245,291,214,230,192,172,137,120,96,36,48,2881
-0609,5/21/2018,0167,001.250,NLane1,7,7,6,5,44,147,284,464,352,301,250,247,279,278,254,273,295,299,184,139,128,94,27,17,4381
-0609,5/21/2018,0167,001.250,PLane1,12,6,9,3,12,29,110,199,213,242,232,222,238,240,258,333,418,485,364,232,213,131,75,41,4317
-0609,5/22/2018,0167,001.250,NLane1,16,6,2,9,45,146,310,407,388,300,303,274,272,243,284,340,309,318,163,125,149,89,52,15,4565
-0609,5/22/2018,0167,001.250,PLane1,20,10,4,4,14,33,124,206,236,180,195,245,240,240,286,387,380,469,423,214,222,143,96,44,4415
-0609,5/23/2018,0167,001.250,NLane1,6,7,6,11,46,136,298,419,401,284,280,220,283,260,278,309,303,309,211,172,146,106,41,42,4574
-0609,5/23/2018,0167,001.250,PLane1,27,15,5,13,3,36,141,202,199,199,199,209,243,269,290,367,406,516,416,263,239,194,94,74,4619
-0609,5/24/2018,0167,001.250,NLane1,19,9,3,9,42,128,304,395,392,337,270,273,260,287,287,344,346,347,259,196,209,129,63,27,4935
-0609,5/24/2018,0167,001.250,PLane1,26,18,10,6,6,34,153,191,208,224,234,268,312,309,288,424,457,479,420,300,241,171,136,58,4973
-0609,5/25/2018,0167,001.250,NLane1,14,9,3,8,34,103,223,304,360,282,398,353,306,299,277,339,318,332,236,226,202,152,94,27,4899
-0609,5/25/2018,0167,001.250,PLane1,33,18,7,4,12,26,112,184,252,259,291,285,294,368,507,526,470,536,495,384,258,186,143,72,5722
-0609,5/26/2018,0167,001.250,NLane1,16,6,9,9,8,29,74,119,176,262,321,332,339,305,304,331,356,366,350,256,266,152,111,55,4552
-0609,5/26/2018,0167,001.250,PLane1,48,22,7,3,6,37,71,121,240,286,370,361,403,398,369,413,302,318,268,236,163,154,122,56,4774
-0609,5/27/2018,0167,001.250,NLane1,23,13,10,2,4,11,26,48,103,103,170,215,280,205,208,215,227,183,197,142,187,182,79,33,2866
-0609,5/27/2018,0167,001.250,PLane1,29,24,8,1,3,7,23,39,88,98,155,158,206,217,217,256,274,247,198,146,146,115,75,35,2765
-0609,5/28/2018,0167,001.250,NLane1,20,4,4,6,5,27,50,111,167,220,298,334,408,452,403,392,317,410,192,231,144,93,55,18,4361
-0609,5/28/2018,0167,001.250,PLane1,19,12,3,3,8,14,53,109,151,195,283,305,293,314,242,273,220,228,177,171,144,115,77,41,3450
-0609,5/29/2018,0167,001.250,NLane1,13,10,0,12,53,137,269,391,378,291,281,280,291,268,266,270,330,291,223,151,126,109,49,22,4511
-0609,5/29/2018,0167,001.250,PLane1,19,12,5,7,9,35,107,161,177,181,197,216,246,246,299,373,458,475,379,250,203,163,98,55,4371
-0609,5/30/2018,0167,001.250,NLane1,14,8,6,8,33,155,283,402,364,285,242,291,263,269,271,310,325,361,260,164,142,112,47,15,4630
-0609,5/30/2018,0167,001.250,PLane1,34,9,6,4,6,47,126,177,202,215,226,238,305,294,329,369,436,478,359,249,205,171,98,50,4633
-0609,5/31/2018,0167,001.250,NLane1,14,11,4,8,32,119,276,393,386,274,63,1,1,5,149,304,352,325,255,174,156,125,42,22,3491
-0609,5/31/2018,0167,001.250,PLane1,37,17,8,2,6,39,131,202,195,228,435,491,532,518,409,356,399,496,396,275,238,185,108,58,5761
-0609,6/1/2018,0167,001.250,NLane1,15,5,2,16,36,88,236,321,339,283,267,328,283,281,272,317,397,347,291,243,209,142,101,54,4873
-0609,6/1/2018,0167,001.250,PLane1,33,22,8,9,10,45,102,202,192,228,277,292,274,334,378,437,460,504,476,361,245,242,145,70,5346
-0609,6/2/2018,0167,001.250,NLane1,30,6,6,5,12,37,70,150,211,263,306,289,320,333,308,332,333,358,295,241,233,220,134,52,4544
-0609,6/2/2018,0167,001.250,PLane1,44,26,8,9,7,36,87,172,208,232,303,325,365,357,346,383,312,323,298,271,207,154,157,65,4695
-0609,6/3/2018,0167,001.250,NLane1,35,17,9,7,7,25,37,57,111,149,271,349,346,275,307,289,356,345,286,247,219,153,63,19,3979
-0609,6/3/2018,0167,001.250,PLane1,36,24,6,5,7,17,41,71,172,178,297,310,315,281,310,257,261,218,190,168,150,119,51,31,3515
-0609,6/4/2018,0167,001.250,NLane1,11,8,5,6,39,144,285,364,377,283,260,292,285,262,269,301,323,351,244,177,178,162,53,19,4698
-0609,6/4/2018,0167,001.250,PLane1,19,15,6,3,11,43,119,204,211,204,261,272,274,259,309,372,423,469,382,261,187,158,95,42,4599
-0609,6/5/2018,0167,001.250,NLane1,17,6,2,11,42,143,288,385,369,306,287,264,257,248,292,297,305,330,225,196,179,137,39,21,4646
-0609,6/5/2018,0167,001.250,PLane1,29,11,16,3,12,37,128,185,211,229,268,238,294,284,327,361,485,518,343,248,198,166,110,37,4738
-0609,6/6/2018,0167,001.250,NLane1,5,5,5,10,43,140,271,382,379,306,270,282,294,274,293,307,359,344,289,181,171,127,71,41,4849
-0609,6/6/2018,0167,001.250,PLane1,23,18,6,4,6,34,126,210,221,266,266,226,287,306,308,379,461,530,394,259,195,142,113,77,4857
-0609,6/7/2018,0167,001.250,NLane1,15,13,7,10,41,136,274,374,388,280,285,268,288,265,265,303,298,346,225,199,230,195,90,34,4829
-0609,6/7/2018,0167,001.250,PLane1,26,19,12,4,13,45,132,193,241,232,256,250,297,274,322,405,436,498,398,290,217,185,146,61,4952
-0609,6/8/2018,0167,001.250,NLane1,18,5,8,10,39,121,212,339,311,324,311,303,306,312,283,299,354,295,249,217,204,174,112,54,4860
-0609,6/8/2018,0167,001.250,PLane1,26,10,9,8,5,36,110,194,210,275,291,300,307,291,434,488,548,531,484,321,261,212,131,90,5572
-0609,6/9/2018,0167,001.250,NLane1,21,7,8,7,12,32,74,145,183,253,354,339,403,422,348,371,422,361,360,368,361,332,156,75,5414
-0609,6/9/2018,0167,001.250,PLane1,45,20,12,6,8,41,95,213,230,297,413,375,402,418,392,415,380,386,376,228,186,204,182,85,5409
-0609,6/10/2018,0167,001.250,NLane1,22,18,6,1,12,24,24,64,98,128,242,227,374,242,273,321,458,459,417,269,236,153,56,18,4142
-0609,6/10/2018,0167,001.250,PLane1,41,15,15,4,6,19,22,79,140,188,215,291,370,360,383,293,317,256,202,156,132,130,79,33,3746
-0609,6/11/2018,0167,001.250,NLane1,13,5,3,8,47,148,284,405,366,298,250,286,282,229,270,365,323,289,193,156,165,144,60,21,4610
-0609,6/11/2018,0167,001.250,PLane1,20,9,5,1,10,42,119,206,199,205,226,233,295,289,293,360,415,462,388,263,176,173,91,46,4526
-0609,6/12/2018,0167,001.250,NLane1,13,9,2,7,42,151,283,397,405,297,295,301,267,265,278,302,339,319,230,178,206,166,59,32,4843
-0609,6/12/2018,0167,001.250,PLane1,26,6,8,4,15,48,145,222,204,220,244,332,261,264,314,361,422,520,379,266,195,172,104,66,4798
-0609,6/13/2018,0167,001.250,NLane1,19,6,10,6,50,132,281,384,418,303,291,324,314,314,315,349,389,346,260,194,207,179,83,41,5215
-0609,6/13/2018,0167,001.250,PLane1,35,10,13,3,6,49,175,215,198,272,284,288,288,301,330,396,511,531,426,294,218,157,106,58,5164
-0609,6/14/2018,0167,001.250,NLane1,17,12,7,10,40,135,272,403,355,300,278,271,280,292,302,380,422,372,287,187,230,194,92,55,5193
-0609,6/14/2018,0167,001.250,PLane1,38,18,7,6,10,43,167,219,207,246,275,264,282,395,384,415,446,532,435,263,245,195,137,52,5281
-0609,6/15/2018,0167,001.250,NLane1,19,10,3,7,40,114,247,356,342,316,293,355,320,282,336,364,350,344,246,227,243,153,95,55,5117
-0609,6/15/2018,0167,001.250,PLane1,31,15,10,5,10,48,143,223,254,274,285,286,383,391,413,433,449,506,464,335,259,200,160,78,5655
-0609,6/16/2018,0167,001.250,NLane1,23,11,10,10,11,31,70,145,194,288,359,349,374,426,394,377,414,439,383,365,333,251,135,51,5443
-0609,6/16/2018,0167,001.250,PLane1,57,17,9,5,9,40,113,225,238,370,448,443,408,438,447,394,387,350,288,230,206,192,167,95,5576
-0609,6/17/2018,0167,001.250,NLane1,27,14,7,5,11,15,44,64,98,161,228,225,349,300,341,449,569,592,797,536,364,212,94,20,5522
-0609,6/17/2018,0167,001.250,PLane1,63,18,14,3,6,9,37,77,192,207,352,458,564,616,531,448,401,299,196,186,173,158,71,18,5097
-0609,6/18/2018,0167,001.250,NLane1,10,10,4,8,48,160,279,431,396,303,260,301,285,235,258,301,311,319,207,160,167,130,54,24,4661
-0609,6/18/2018,0167,001.250,PLane1,20,6,3,1,6,40,129,208,204,209,220,247,246,278,311,367,417,518,383,228,212,165,89,42,4549
-0609,6/19/2018,0167,001.250,NLane1,12,13,5,10,46,164,288,399,403,311,266,253,262,239,229,326,313,339,228,165,202,131,76,17,4697
-0609,6/19/2018,0167,001.250,PLane1,44,12,8,2,8,45,150,209,234,215,208,239,255,258,290,362,406,503,382,250,218,187,114,63,4662
-0609,6/20/2018,0167,001.250,NLane1,16,6,6,7,46,148,296,345,416,316,308,280,306,240,264,314,366,352,253,202,271,197,83,30,5068
-0609,6/20/2018,0167,001.250,PLane1,39,13,11,5,5,56,156,192,222,264,232,263,275,314,314,406,445,561,453,330,229,191,115,52,5143
-0609,6/21/2018,0167,001.250,NLane1,10,8,6,7,38,134,278,345,376,304,299,292,315,270,306,348,355,391,260,225,232,239,110,41,5189
-0609,6/21/2018,0167,001.250,PLane1,37,18,9,4,7,52,145,223,268,265,289,298,315,288,344,363,481,553,453,340,254,194,142,61,5403
-0609,6/22/2018,0167,001.250,NLane1,17,15,5,13,44,110,217,312,353,306,308,306,306,334,303,373,392,352,291,225,219,181,127,58,5167
-0609,6/22/2018,0167,001.250,PLane1,44,23,4,7,10,55,148,211,235,246,296,329,357,372,374,480,523,496,495,382,257,200,166,87,5797
-0609,6/23/2018,0167,001.250,NLane1,29,19,5,10,13,43,64,124,187,295,423,372,374,400,434,401,410,372,374,358,363,235,102,85,5492
-0609,6/23/2018,0167,001.250,PLane1,62,22,8,5,9,43,127,245,260,329,482,395,393,406,384,392,398,350,331,267,195,214,138,120,5575
-0609,6/24/2018,0167,001.250,NLane1,25,17,3,2,11,15,27,59,131,155,271,253,334,295,348,379,459,539,548,360,302,200,77,34,4844
-0609,6/24/2018,0167,001.250,PLane1,57,13,8,2,5,23,34,85,201,239,289,378,410,421,351,323,343,340,217,180,146,109,59,28,4261
-0609,6/25/2018,0167,001.250,NLane1,11,11,6,8,39,163,300,416,349,281,255,261,234,233,218,322,318,321,268,175,204,164,148,207,4912
-0609,6/25/2018,0167,001.250,PLane1,30,14,3,3,9,58,171,186,198,184,206,237,260,268,311,343,475,509,435,328,323,180,96,40,4867
-0609,6/26/2018,0167,001.250,NLane1,25,8,7,5,47,145,302,364,366,281,295,296,298,223,276,293,362,335,254,195,194,151,91,25,4838
-0609,6/26/2018,0167,001.250,PLane1,30,16,7,3,13,54,172,178,215,205,277,266,317,296,298,385,442,558,378,240,231,164,111,57,4913
-0609,6/27/2018,0167,001.250,NLane1,16,5,8,3,36,163,275,367,372,35,1,9,269,268,307,329,364,376,256,179,211,202,95,37,4183
-0609,6/27/2018,0167,001.250,PLane1,34,12,9,5,5,52,150,185,212,439,542,542,354,299,330,388,443,535,459,287,208,189,110,53,5842
-0609,6/28/2018,0167,001.250,NLane1,19,5,5,6,54,134,280,356,373,326,263,307,266,262,263,315,397,321,266,180,253,199,99,32,4981
-0609,6/28/2018,0167,001.250,PLane1,40,18,6,8,9,56,163,200,219,234,266,325,316,316,326,378,397,522,468,331,234,223,133,56,5244
-0609,6/29/2018,0167,001.250,NLane1,9,12,1,8,38,111,244,298,324,290,310,334,322,270,275,357,351,333,267,230,241,209,321,75,5230
-0609,6/29/2018,0167,001.250,PLane1,40,22,9,8,12,51,106,197,224,285,299,316,329,354,410,455,475,605,622,418,296,240,141,66,5980
-0609,6/30/2018,0167,001.250,NLane1,31,13,7,4,11,34,61,137,187,280,339,372,396,319,379,393,421,452,340,353,312,272,150,52,5315
-0609,6/30/2018,0167,001.250,PLane1,50,24,16,10,16,52,119,182,234,321,398,462,406,385,406,368,422,363,287,227,199,189,153,98,5387
-0609,7/1/2018,0167,001.250,NLane1,26,13,12,6,4,17,42,65,75,148,217,216,341,323,328,464,494,660,600,376,359,250,73,35,5144
-0609,7/1/2018,0167,001.250,PLane1,44,27,15,6,2,12,47,66,152,274,358,442,569,512,480,350,322,285,209,174,141,124,69,34,4714
-0609,7/2/2018,0167,001.250,NLane1,16,12,1,8,38,145,270,367,366,293,292,146,195,262,259,286,382,343,217,191,173,170,139,239,4810
-0609,7/2/2018,0167,001.250,PLane1,20,8,7,4,9,52,130,192,211,232,261,428,361,346,341,398,450,510,451,328,311,189,104,39,5382
-0609,7/3/2018,0167,001.250,NLane1,14,9,1,9,46,133,244,377,350,307,287,297,269,304,269,295,368,348,240,179,178,142,90,49,4805
-0609,7/3/2018,0167,001.250,PLane1,39,18,4,5,12,49,129,206,185,248,247,289,296,281,328,408,451,517,506,369,289,240,153,93,5362
-0609,7/4/2018,0167,001.250,NLane1,17,8,8,5,15,23,65,98,134,198,192,326,293,302,380,424,462,517,489,442,373,277,223,325,5596
-0609,7/4/2018,0167,001.250,PLane1,67,18,14,7,13,64,172,313,497,514,455,483,513,454,393,328,300,261,184,170,179,110,118,152,5779
-0609,7/5/2018,0167,001.250,NLane1,38,14,0,10,28,109,233,343,336,311,295,320,287,284,288,68,343,348,273,232,219,183,104,30,4696
-0609,7/5/2018,0167,001.250,PLane1,47,13,5,5,9,39,102,173,221,232,310,297,363,343,357,593,392,465,371,264,217,187,125,59,5189
-0609,7/6/2018,0167,001.250,NLane1,15,10,3,7,31,88,176,277,298,273,287,261,259,260,295,303,334,336,315,226,222,245,139,63,4723
-0609,7/6/2018,0167,001.250,PLane1,27,16,7,9,13,42,134,186,224,289,295,294,322,326,372,421,473,511,405,324,214,219,141,72,5336
-0609,7/7/2018,0167,001.250,NLane1,27,8,9,10,5,32,77,125,176,267,326,385,346,399,377,411,461,526,468,407,354,305,142,72,5715
-0609,7/7/2018,0167,001.250,PLane1,31,17,9,3,8,38,160,237,296,417,471,463,473,439,441,399,341,353,311,265,190,142,138,83,5725
-0609,7/8/2018,0167,001.250,NLane1,31,10,7,3,6,13,31,60,119,155,240,260,306,326,341,413,454,606,659,397,283,195,66,34,5015
-0609,7/8/2018,0167,001.250,PLane1,40,16,14,4,4,22,50,105,245,250,318,411,466,468,398,357,291,256,202,173,132,112,57,27,4418
-0609,7/9/2018,0167,001.250,NLane1,5,9,3,5,38,163,261,391,376,312,296,262,285,242,282,334,381,291,215,175,162,228,212,93,5021
-0609,7/9/2018,0167,001.250,PLane1,10,11,4,3,3,53,140,180,208,245,243,256,217,326,364,373,457,505,438,311,278,193,93,44,4955
-0609,7/10/2018,0167,001.250,NLane1,12,11,5,11,51,142,283,382,362,134,1,4,2,3,4,274,346,334,242,196,202,176,72,26,3275
-0609,7/10/2018,0167,001.250,PLane1,23,17,6,8,10,52,126,243,247,425,549,549,531,559,543,411,405,512,394,272,240,211,125,47,6505
-0609,7/11/2018,0167,001.250,NLane1,11,13,7,10,48,137,276,388,345,290,291,269,280,231,237,288,342,334,264,191,232,197,104,38,4823
-0609,7/11/2018,0167,001.250,PLane1,33,12,6,4,5,47,162,200,209,233,265,234,274,337,345,417,436,522,444,311,213,172,93,46,5020
-0609,7/12/2018,0167,001.250,NLane1,9,8,5,12,45,140,283,338,373,303,259,299,278,268,273,316,367,330,247,186,197,217,137,56,4946
-0609,7/12/2018,0167,001.250,PLane1,27,12,9,5,7,57,144,223,234,279,257,348,268,292,332,433,436,503,432,304,217,214,151,66,5250
-0609,7/13/2018,0167,001.250,NLane1,24,14,3,15,41,93,227,330,328,281,300,356,292,257,336,359,369,312,261,216,237,231,135,56,5073
-0609,7/13/2018,0167,001.250,PLane1,42,14,5,4,8,47,135,201,229,269,341,296,335,333,404,463,444,564,494,422,275,244,167,107,5843
-0609,7/14/2018,0167,001.250,NLane1,29,14,5,7,20,34,59,159,179,257,324,381,359,331,359,420,463,382,364,314,340,312,217,65,5394
-0609,7/14/2018,0167,001.250,PLane1,49,32,8,7,10,46,117,186,285,361,384,431,443,397,394,401,401,365,313,242,174,207,141,90,5484
-0609,7/15/2018,0167,001.250,NLane1,28,21,4,3,5,26,38,58,110,139,224,279,338,285,318,408,459,504,627,384,378,246,81,35,4998
-0609,7/15/2018,0167,001.250,PLane1,37,21,6,1,6,21,47,98,269,239,317,378,500,437,413,382,346,276,186,185,133,111,128,60,4597
-0609,7/16/2018,0167,001.250,NLane1,14,9,7,14,38,149,280,372,364,279,268,256,264,266,219,256,377,303,232,205,214,207,127,278,4998
-0609,7/16/2018,0167,001.250,PLane1,23,14,5,4,9,45,135,199,201,209,218,245,268,343,338,396,471,519,463,375,316,220,99,49,5164
-0609,7/17/2018,0167,001.250,NLane1,20,8,8,9,44,149,307,367,355,288,299,295,282,249,252,299,374,359,247,203,194,208,79,28,4923
-0609,7/17/2018,0167,001.250,PLane1,26,16,5,4,9,57,154,211,214,234,249,269,285,287,347,408,425,522,440,272,221,162,114,44,4975
-0609,7/18/2018,0167,001.250,NLane1,12,2,4,9,38,133,254,397,343,258,250,268,286,236,222,304,355,350,269,197,260,277,99,35,4858
-0609,7/18/2018,0167,001.250,PLane1,33,17,6,5,5,63,151,187,183,209,247,260,254,272,295,409,446,556,461,282,229,178,105,66,4919
-0609,7/19/2018,0167,001.250,NLane1,21,9,3,11,43,148,246,344,345,266,286,234,229,250,263,304,348,337,293,211,242,167,121,19,4740
-0609,7/19/2018,0167,001.250,PLane1,39,13,7,4,7,60,147,209,210,229,236,270,256,297,305,375,442,497,461,339,207,197,155,62,5024
-0609,7/20/2018,0167,001.250,NLane1,19,10,6,10,40,111,224,294,312,262,335,299,286,272,279,351,364,363,302,197,233,207,90,48,4914
-0609,7/20/2018,0167,001.250,PLane1,39,15,6,5,16,39,148,190,233,252,325,339,331,354,413,459,455,563,432,333,253,200,212,92,5704
-0609,7/21/2018,0167,001.250,NLane1,15,15,4,5,14,26,70,109,181,268,302,365,368,365,365,398,418,473,372,352,381,329,120,77,5392
-0609,7/21/2018,0167,001.250,PLane1,47,21,10,7,5,45,119,213,283,341,393,499,451,422,379,432,415,343,297,246,179,170,142,82,5541
-0609,7/22/2018,0167,001.250,NLane1,38,16,5,0,14,14,29,67,113,175,249,261,337,309,326,285,433,440,539,462,329,235,93,34,4803
-0609,7/22/2018,0167,001.250,PLane1,52,27,4,5,4,15,51,84,213,242,319,378,465,377,413,366,290,293,216,158,132,120,79,24,4327
-0609,7/23/2018,0167,001.250,NLane1,12,9,5,13,43,139,246,385,310,278,247,212,237,237,257,277,322,307,231,211,225,235,126,149,4713
-0609,7/23/2018,0167,001.250,PLane1,15,8,5,3,15,50,117,156,190,187,180,234,262,293,311,376,423,502,451,290,241,195,109,71,4684
-0609,7/24/2018,0167,001.250,NLane1,21,10,7,12,32,101,180,244,243,222,246,317,332,315,338,345,402,410,331,246,263,208,75,48,4948
-0609,7/24/2018,0167,001.250,PLane1,46,20,5,7,12,61,113,164,254,298,342,341,391,397,329,374,383,360,263,187,172,148,128,86,4881
-0609,7/25/2018,0167,001.250,NLane1,25,7,4,11,42,140,270,376,354,285,274,293,285,241,286,293,322,354,227,198,206,195,71,31,4790
-0609,7/25/2018,0167,001.250,PLane1,38,12,4,7,8,50,127,180,225,213,260,216,301,297,304,401,448,536,474,269,204,181,107,55,4917
-0609,7/26/2018,0167,001.250,NLane1,18,3,4,8,39,121,274,335,387,262,302,292,274,251,242,332,359,312,264,188,211,172,75,25,4750
-0609,7/26/2018,0167,001.250,PLane1,32,15,5,4,5,53,159,210,227,261,279,292,297,299,359,386,440,498,447,283,226,192,126,58,5153
-0609,7/27/2018,0167,001.250,NLane1,7,11,5,11,35,88,218,310,312,279,263,280,243,249,265,278,289,334,292,206,189,201,141,68,4574
-0609,7/27/2018,0167,001.250,PLane1,37,29,9,10,9,41,150,203,230,245,274,309,315,348,362,421,459,527,521,330,253,220,160,93,5555
-0609,7/28/2018,0167,001.250,NLane1,22,11,13,6,22,26,63,141,162,253,315,317,347,403,421,522,462,443,403,373,381,235,124,53,5518
-0609,7/28/2018,0167,001.250,PLane1,39,29,13,10,9,64,156,355,333,495,477,478,443,391,372,307,390,312,262,225,168,173,142,82,5725
-0609,7/29/2018,0167,001.250,NLane1,26,13,11,7,8,14,34,62,112,127,257,259,322,288,350,386,380,308,274,260,290,230,78,30,4126
-0609,7/29/2018,0167,001.250,PLane1,45,25,8,4,5,19,73,117,229,244,409,375,475,392,399,343,561,423,285,159,113,130,62,25,4920
-0609,7/30/2018,0167,001.250,NLane1,15,18,5,8,38,142,273,333,0,1,2,2,1,4,2,8,175,303,246,183,183,194,257,41,2434
-0609,7/30/2018,0167,001.250,PLane1,15,6,8,6,8,54,149,261,516,509,506,569,536,550,590,658,577,495,404,341,303,172,81,50,7364
-0609,7/31/2018,0167,001.250,NLane1,21,9,4,12,49,147,279,11,7,0,4,71,286,251,253,298,354,335,243,153,222,111,71,25,3216
-0609,7/31/2018,0167,001.250,PLane1,32,14,5,6,13,52,131,577,557,503,520,431,264,304,299,359,477,517,406,268,193,171,105,38,6242
-0609,8/1/2018,0167,001.250,NLane1,11,5,4,7,49,132,252,374,350,293,287,275,308,450,361,401,359,301,286,178,208,226,77,20,5214
-0609,8/1/2018,0167,001.250,PLane1,30,8,3,8,9,63,144,197,208,230,242,264,281,346,399,436,448,575,445,275,204,152,105,53,5125
-0609,8/2/2018,0167,001.250,NLane1,11,5,7,7,41,134,277,323,325,255,318,246,254,242,230,274,290,304,221,157,180,159,63,37,4360
-0609,8/2/2018,0167,001.250,PLane1,42,14,4,2,9,56,153,190,225,221,212,192,257,252,320,367,467,416,474,301,209,175,113,61,4732
-0609,8/3/2018,0167,001.250,NLane1,14,10,5,10,38,105,217,291,290,255,238,289,274,272,261,307,296,277,287,184,187,176,129,78,4490
-0609,8/3/2018,0167,001.250,PLane1,30,15,11,4,14,50,150,162,220,244,287,304,282,348,405,470,416,506,427,316,244,192,145,78,5320
-0609,8/4/2018,0167,001.250,NLane1,25,13,13,6,13,39,56,111,158,214,302,317,296,315,291,321,342,440,337,287,277,228,113,117,4631
-0609,8/4/2018,0167,001.250,PLane1,48,19,15,9,9,36,147,220,259,318,401,395,370,336,414,361,342,326,269,201,195,168,136,76,5070
-0609,8/5/2018,0167,001.250,NLane1,84,15,7,8,10,22,37,52,102,158,191,253,365,259,280,351,450,507,453,313,341,202,46,28,4534
-0609,8/5/2018,0167,001.250,PLane1,45,19,6,3,5,15,46,82,167,191,262,314,416,410,375,312,285,270,199,153,135,121,68,34,3933
-0609,8/6/2018,0167,001.250,NLane1,8,9,5,8,39,145,283,348,395,291,231,280,245,245,219,274,282,300,214,158,159,162,84,127,4511
-0609,8/6/2018,0167,001.250,PLane1,19,14,6,0,9,40,120,200,203,231,240,256,262,272,291,343,404,493,411,292,215,175,81,42,4619
-0609,8/7/2018,0167,001.250,NLane1,16,10,2,13,41,123,272,365,340,263,278,241,264,235,240,273,260,337,194,165,200,234,314,34,4714
-0609,8/7/2018,0167,001.250,PLane1,27,12,9,7,5,54,162,208,232,238,248,273,298,267,287,336,435,523,459,364,228,150,126,43,4991
-0609,8/8/2018,0167,001.250,NLane1,16,8,2,9,45,150,247,342,285,307,236,277,266,248,270,278,341,298,247,142,187,235,78,28,4542
-0609,8/8/2018,0167,001.250,PLane1,29,10,8,8,6,47,141,219,200,242,247,263,286,306,351,400,439,508,391,264,191,162,107,49,4874
-0609,8/9/2018,0167,001.250,NLane1,12,7,4,12,44,134,249,343,369,123,1,7,1,1,4,130,305,328,205,191,223,153,77,35,2958
-0609,8/9/2018,0167,001.250,PLane1,33,20,6,11,7,45,149,231,245,349,553,518,490,487,506,524,412,513,426,286,235,171,109,66,6392
-0609,8/10/2018,0167,001.250,NLane1,15,12,5,8,32,104,197,305,67,0,0,0,2,100,243,283,345,258,233,200,213,205,221,301,3349
-0609,8/10/2018,0167,001.250,PLane1,33,13,6,11,7,36,124,246,454,515,567,597,573,508,414,439,486,515,582,511,406,238,162,73,7516
-0609,8/11/2018,0167,001.250,NLane1,169,20,5,10,11,26,65,131,193,261,346,308,307,304,323,367,405,442,478,333,255,214,103,85,5161
-0609,8/11/2018,0167,001.250,PLane1,37,17,10,6,14,42,162,181,232,325,354,372,379,363,374,403,285,300,255,232,182,186,154,111,4976
-0609,8/12/2018,0167,001.250,NLane1,41,24,9,8,7,18,24,63,94,114,226,240,336,299,265,402,449,505,480,308,279,168,79,41,4479
-0609,8/12/2018,0167,001.250,PLane1,63,18,8,8,3,13,47,85,162,211,297,362,384,371,350,274,248,280,209,168,148,131,84,39,3963
-0609,8/13/2018,0167,001.250,NLane1,33,13,10,11,45,147,263,413,343,271,231,273,249,247,62,225,290,344,212,163,161,148,48,100,4302
-0609,8/13/2018,0167,001.250,PLane1,19,14,1,7,4,53,121,164,194,199,236,231,234,252,502,381,418,486,414,248,229,178,71,38,4694
-0609,8/14/2018,0167,001.250,NLane1,13,11,6,8,48,151,263,386,124,128,137,26,25,173,232,234,290,260,264,180,196,164,56,23,3398
-0609,8/14/2018,0167,001.250,PLane1,28,14,9,9,6,46,131,172,457,308,306,434,478,331,266,343,383,415,457,243,216,210,107,55,5424
-0609,8/15/2018,0167,001.250,NLane1,15,6,2,7,33,141,255,353,349,260,249,243,246,188,251,256,342,336,261,190,250,239,67,21,4560
-0609,8/15/2018,0167,001.250,PLane1,23,17,7,7,12,41,150,184,183,206,245,245,248,255,246,367,386,491,432,308,247,184,110,44,4638
-0609,8/16/2018,0167,001.250,NLane1,12,7,5,19,43,136,265,355,324,273,268,251,257,257,232,314,336,307,227,178,227,201,56,20,4570
-0609,8/16/2018,0167,001.250,PLane1,24,8,7,9,8,45,180,206,193,227,249,241,262,253,333,370,403,493,472,291,234,210,95,50,4863
-0609,8/17/2018,0167,001.250,NLane1,11,10,5,8,34,114,233,377,267,274,298,326,318,332,317,281,323,265,236,227,193,196,106,56,4807
-0609,8/17/2018,0167,001.250,PLane1,34,14,6,5,11,45,179,201,216,245,298,302,315,361,387,494,477,580,565,371,263,202,126,63,5760
-0609,8/18/2018,0167,001.250,NLane1,20,16,12,6,15,30,55,130,206,280,318,347,403,315,397,413,417,360,336,310,367,420,224,74,5471
-0609,8/18/2018,0167,001.250,PLane1,33,22,1,8,21,65,180,225,271,314,398,418,433,353,357,385,440,467,371,243,234,178,138,68,5623
-0609,8/19/2018,0167,001.250,NLane1,29,10,8,8,8,18,32,55,95,144,238,230,332,287,291,350,457,538,422,316,293,145,55,24,4385
-0609,8/19/2018,0167,001.250,PLane1,40,13,12,3,5,19,66,64,147,198,222,330,386,387,323,307,264,249,167,174,137,109,64,32,3718
-0609,8/20/2018,0167,001.250,NLane1,7,3,5,7,38,138,258,440,369,273,277,271,267,260,223,262,334,298,234,179,160,91,37,14,4445
-0609,8/20/2018,0167,001.250,PLane1,18,7,2,4,6,44,131,178,211,207,224,267,242,241,246,310,384,477,386,237,220,172,79,26,4319
-0609,8/21/2018,0167,001.250,NLane1,5,6,4,10,49,139,273,314,3,2,2,181,257,207,234,242,310,248,195,203,152,83,36,21,3176
-0609,8/21/2018,0167,001.250,PLane1,26,12,8,6,10,39,135,218,482,440,394,267,182,229,226,313,374,505,390,216,207,176,68,38,4961
-0609,8/22/2018,0167,001.250,NLane1,8,7,5,7,43,129,282,547,511,453,329,257,264,254,229,273,269,321,184,109,170,75,41,17,4784
-0609,8/22/2018,0167,001.250,PLane1,24,14,2,2,6,32,148,15,7,23,149,224,218,249,283,329,367,469,336,216,170,138,81,46,3548
-0609,8/23/2018,0167,001.250,NLane1,9,5,5,5,43,123,286,383,336,268,234,257,278,248,225,285,328,315,231,169,189,96,46,24,4388
-0609,8/23/2018,0167,001.250,PLane1,34,21,6,5,15,46,177,188,193,175,205,185,223,270,280,377,408,528,352,235,220,196,95,44,4478
-0609,8/24/2018,0167,001.250,NLane1,8,10,3,6,35,95,201,367,299,291,243,314,316,250,273,286,306,319,230,162,168,133,75,35,4425
-0609,8/24/2018,0167,001.250,PLane1,30,12,4,9,19,35,148,168,196,206,208,228,277,318,334,441,413,497,480,382,227,199,123,82,5036
-0609,8/25/2018,0167,001.250,NLane1,21,5,8,11,11,28,58,23,0,13,165,16,1,142,10,14,12,390,321,315,346,194,112,121,2337
-0609,8/25/2018,0167,001.250,PLane1,36,25,3,8,11,47,105,263,401,547,503,717,662,584,773,727,707,379,277,237,207,184,159,72,7634
-0609,8/26/2018,0167,001.250,NLane1,19,13,6,6,5,13,21,50,92,157,236,232,327,285,245,328,391,438,389,257,261,100,26,17,3914
-0609,8/26/2018,0167,001.250,PLane1,32,15,9,8,10,18,34,65,148,178,241,287,325,312,257,315,274,243,174,159,116,89,34,20,3363
-0609,8/28/2018,0167,001.250,NLane1,4,9,5,10,43,138,262,381,329,194,217,155,183,152,195,223,309,322,197,223,139,85,26,11,3812
-0609,8/28/2018,0167,001.250,PLane1,19,5,2,5,6,50,142,175,185,150,166,183,160,184,196,290,360,506,390,243,203,154,64,27,3865
-0609,8/29/2018,0167,001.250,NLane1,4,4,9,9,45,140,279,412,377,264,240,243,229,217,255,276,334,293,254,192,183,133,28,16,4436
-0609,8/29/2018,0167,001.250,PLane1,19,6,8,3,4,40,162,200,219,224,222,217,230,271,313,365,443,546,402,200,225,142,88,32,4581
-0609,8/30/2018,0167,001.250,NLane1,9,4,5,9,41,123,286,389,368,305,254,266,263,282,275,301,338,338,216,185,225,94,39,17,4632
-0609,8/30/2018,0167,001.250,PLane1,31,8,5,1,7,35,150,217,230,202,220,220,251,317,326,381,462,537,376,259,229,156,109,37,4766
-0609,8/31/2018,0167,001.250,NLane1,7,11,4,9,32,95,220,323,352,229,213,232,219,242,266,264,296,284,260,234,193,108,70,43,4206
-0609,8/31/2018,0167,001.250,PLane1,28,10,1,7,7,36,113,185,205,211,196,230,291,313,347,406,491,456,483,402,249,182,169,75,5093
-0609,9/1/2018,0167,001.250,NLane1,13,10,7,5,12,34,47,105,170,230,316,342,259,293,292,465,356,435,394,374,253,150,60,38,4660
-0609,9/1/2018,0167,001.250,PLane1,45,19,7,4,5,41,203,292,288,308,352,395,402,370,365,370,310,295,283,223,194,153,109,80,5113
-0609,9/2/2018,0167,001.250,NLane1,23,7,8,7,5,14,20,49,83,111,163,177,268,227,254,301,394,454,622,512,319,177,76,42,4313
-0609,9/2/2018,0167,001.250,PLane1,30,20,8,8,5,18,39,42,132,174,302,314,474,514,514,430,370,273,191,135,154,106,52,41,4346
-0609,9/3/2018,0167,001.250,NLane1,16,6,7,2,12,30,47,92,131,222,348,467,471,499,470,502,527,586,493,399,270,106,40,12,5755
-0609,9/3/2018,0167,001.250,PLane1,19,3,5,6,7,28,189,272,245,268,364,443,413,396,379,298,250,220,219,188,146,108,66,29,4561
-0609,9/4/2018,0167,001.250,NLane1,11,6,5,6,41,124,295,424,414,306,255,239,251,218,234,269,301,279,176,159,138,82,31,14,4278
-0609,9/4/2018,0167,001.250,PLane1,15,2,4,4,9,36,154,167,192,219,187,243,238,245,264,366,377,418,362,266,196,138,61,35,4198
-0609,9/5/2018,0167,001.250,NLane1,8,6,2,4,46,132,288,437,421,240,247,255,291,247,259,293,329,317,211,160,150,67,37,13,4460
-0609,9/5/2018,0167,001.250,PLane1,34,19,3,1,8,39,140,233,215,210,207,237,253,260,313,348,398,468,362,257,193,140,70,27,4435
-0609,9/6/2018,0167,001.250,NLane1,8,10,3,10,40,131,271,429,405,280,243,247,251,224,191,312,348,328,199,178,125,97,28,18,4376
-0609,9/6/2018,0167,001.250,PLane1,27,18,3,4,4,46,146,280,220,208,196,221,255,245,300,349,389,467,376,239,197,138,87,35,4450
-0609,9/7/2018,0167,001.250,NLane1,5,10,3,10,33,95,236,385,364,265,246,271,261,287,328,348,311,369,267,210,188,106,60,34,4692
-0609,9/7/2018,0167,001.250,PLane1,41,16,3,10,7,41,150,279,241,216,253,240,298,360,352,425,439,495,460,332,242,197,146,68,5311
-0609,9/8/2018,0167,001.250,NLane1,22,6,9,4,16,36,67,153,190,266,317,315,285,310,302,261,26,16,230,235,237,138,81,44,3566
-0609,9/8/2018,0167,001.250,PLane1,42,22,9,2,7,26,97,187,226,287,313,343,324,309,290,287,588,658,377,193,167,147,117,74,5092
-0609,9/9/2018,0167,001.250,NLane1,37,12,5,3,11,16,24,70,107,142,233,248,337,262,267,272,390,447,315,252,182,84,35,16,3767
-0609,9/9/2018,0167,001.250,PLane1,55,18,8,7,8,16,30,56,137,148,236,261,304,348,290,277,270,241,200,153,150,88,46,20,3367
-0609,9/11/2018,0167,001.250,NLane1,5,6,3,7,43,125,285,421,167,20,27,227,215,206,245,312,290,309,201,190,110,72,29,15,3530
-0609,9/11/2018,0167,001.250,PLane1,18,9,8,2,7,39,161,255,375,367,364,194,215,210,270,363,405,478,381,233,211,135,77,30,4807
-0609,9/12/2018,0167,001.250,NLane1,7,6,1,4,53,122,298,427,364,252,204,250,212,240,240,290,332,367,256,175,100,75,37,12,4324
-0609,9/12/2018,0167,001.250,PLane1,19,12,7,1,6,37,139,225,215,206,180,240,227,245,283,377,460,486,326,249,229,151,80,43,4443
-0609,9/13/2018,0167,001.250,NLane1,10,5,4,8,45,138,266,379,353,241,208,225,246,217,261,306,322,381,204,162,144,72,25,12,4234
-0609,9/13/2018,0167,001.250,PLane1,18,11,6,3,5,41,139,215,207,216,230,222,239,255,264,372,421,434,374,274,223,173,70,38,4450
-0609,9/14/2018,0167,001.250,NLane1,7,8,4,12,32,109,247,388,342,249,216,272,250,316,279,334,321,302,251,205,153,99,91,39,4526
-0609,9/14/2018,0167,001.250,PLane1,30,14,5,7,7,43,152,216,208,238,211,253,278,317,352,439,514,506,437,285,223,213,130,54,5132
-0609,9/15/2018,0167,001.250,NLane1,17,13,3,5,11,37,70,158,224,259,371,491,587,530,462,449,394,366,300,295,213,126,63,35,5479
-0609,9/15/2018,0167,001.250,PLane1,35,22,14,9,18,150,297,222,237,382,443,407,382,351,322,367,316,329,257,188,135,163,130,86,5262
-0609,9/16/2018,0167,001.250,NLane1,23,11,5,5,6,23,21,51,105,144,198,205,311,286,249,314,388,400,265,292,248,80,42,9,3681
-0609,9/16/2018,0167,001.250,PLane1,63,22,6,5,6,13,46,116,122,163,200,224,299,306,346,279,302,277,190,168,136,87,51,24,3451
-0609,9/17/2018,0167,001.250,NLane1,12,4,3,11,49,131,291,426,380,271,215,227,241,223,263,272,377,325,218,192,143,69,18,12,4373
-0609,9/17/2018,0167,001.250,PLane1,10,3,5,6,8,41,136,190,220,174,196,255,247,251,271,369,380,477,373,224,196,123,55,31,4241
-0609,9/18/2018,0167,001.250,NLane1,5,5,9,8,48,147,287,394,373,249,246,242,263,179,261,288,309,324,195,172,134,62,24,6,4230
-0609,9/18/2018,0167,001.250,PLane1,21,10,5,3,10,30,134,207,177,178,216,237,197,225,264,367,406,468,338,247,203,140,60,33,4176
-0609,9/19/2018,0167,001.250,NLane1,7,6,1,7,48,118,267,427,389,240,214,203,232,207,189,282,301,295,218,186,133,85,27,10,4092
-0609,9/19/2018,0167,001.250,PLane1,27,6,1,2,3,36,132,193,192,192,170,204,234,211,226,364,429,449,356,227,194,124,66,40,4078
-0609,9/20/2018,0167,001.250,NLane1,7,7,4,13,39,130,264,418,383,271,206,224,221,180,210,274,302,311,224,192,146,63,34,8,4131
-0609,9/20/2018,0167,001.250,PLane1,29,11,4,6,5,34,139,213,163,157,189,197,205,237,248,374,399,433,395,238,188,139,79,40,4122
-0609,9/21/2018,0167,001.250,NLane1,8,8,2,9,28,97,226,361,361,272,282,262,256,274,299,300,304,319,257,251,194,116,68,52,4606
-0609,9/21/2018,0167,001.250,PLane1,22,13,6,3,7,20,118,205,198,212,261,267,274,310,361,439,508,539,427,308,216,185,109,70,5078
-0609,9/22/2018,0167,001.250,NLane1,17,8,7,6,23,29,55,120,195,302,334,372,337,325,344,356,408,360,351,329,234,117,77,53,4759
-0609,9/22/2018,0167,001.250,PLane1,32,18,9,5,11,32,73,128,192,268,304,369,366,352,410,386,426,368,269,195,213,185,120,85,4816
-0609,9/23/2018,0167,001.250,NLane1,27,14,6,7,6,13,30,48,115,120,194,220,308,284,295,395,489,425,318,247,183,80,25,6,3855
-0609,9/23/2018,0167,001.250,PLane1,42,26,12,7,4,13,27,55,161,204,231,307,356,333,281,254,311,291,167,151,140,102,37,21,3533
-0609,9/24/2018,0167,001.250,NLane1,13,6,6,4,48,147,290,437,393,239,203,198,215,172,215,256,261,301,195,157,95,44,16,14,3925
-0609,9/24/2018,0167,001.250,PLane1,13,8,3,2,5,33,133,169,158,154,169,186,219,191,222,330,389,447,378,249,161,115,63,33,3830
-0609,9/25/2018,0167,001.250,NLane1,9,5,5,8,41,150,277,442,384,313,231,226,251,193,232,264,345,322,230,158,110,52,26,13,4287
-0609,9/25/2018,0167,001.250,PLane1,19,13,8,8,7,33,109,199,226,183,216,237,254,239,263,351,434,478,395,240,203,124,55,38,4332
-0609,9/26/2018,0167,001.250,NLane1,7,4,1,10,41,135,275,388,390,288,218,9,23,123,216,123,186,357,214,190,121,51,31,5,3406
-0609,9/26/2018,0167,001.250,PLane1,28,9,8,7,12,47,153,211,206,210,179,477,499,395,366,558,605,416,384,256,213,130,52,37,5458
-0609,9/27/2018,0167,001.250,NLane1,6,9,3,8,31,132,286,383,367,248,248,279,261,171,237,316,329,353,217,205,113,72,42,11,4327
-0609,9/27/2018,0167,001.250,PLane1,26,13,5,2,10,35,162,212,237,240,214,240,237,255,317,435,387,520,409,255,198,138,89,40,4676
-0609,9/28/2018,0167,001.250,NLane1,2,10,6,8,25,96,210,384,365,260,268,234,287,271,267,332,329,288,272,250,136,68,59,26,4453
-0609,9/28/2018,0167,001.250,PLane1,30,11,8,5,12,45,133,222,231,271,238,275,288,381,390,513,479,512,395,273,189,164,88,81,5234
-0609,9/29/2018,0167,001.250,NLane1,11,3,5,2,16,24,42,93,173,307,355,348,341,327,333,335,337,334,390,273,226,137,79,42,4533
-0609,9/29/2018,0167,001.250,PLane1,30,20,8,3,11,40,63,168,256,279,335,361,399,372,347,426,370,405,305,209,181,160,131,82,4961
-0609,9/30/2018,0167,001.250,NLane1,17,14,4,11,2,13,24,39,81,127,201,185,277,234,311,287,401,397,277,287,166,63,28,12,3458
-0609,9/30/2018,0167,001.250,PLane1,35,15,10,5,6,23,38,64,161,198,234,243,371,321,307,285,324,323,231,162,123,86,37,24,3626
-0609,10/1/2018,0167,001.250,NLane1,6,5,1,4,27,136,257,424,388,261,241,248,257,262,250,326,322,279,257,221,115,48,15,10,4360
-0609,10/1/2018,0167,001.250,PLane1,16,7,4,2,14,37,166,214,237,215,220,267,267,278,289,390,417,468,389,260,189,108,57,17,4528
-0609,10/2/2018,0167,001.250,NLane1,8,9,5,6,43,132,287,403,439,319,281,262,258,232,250,338,295,331,208,144,67,28,29,10,4384
-0609,10/2/2018,0167,001.250,PLane1,19,9,6,3,7,30,110,205,191,194,206,235,243,269,286,339,400,443,371,226,152,140,75,43,4202
-0609,10/3/2018,0167,001.250,NLane1,3,1,3,6,40,139,291,399,378,250,261,242,270,212,231,299,317,374,246,177,103,52,21,15,4330
-0609,10/3/2018,0167,001.250,PLane1,14,5,3,4,6,31,137,206,202,214,197,214,251,253,291,378,423,466,353,237,184,112,89,25,4295
-0609,10/4/2018,0167,001.250,NLane1,6,8,4,8,41,130,284,404,412,289,269,241,231,209,214,266,313,264,164,142,108,82,56,16,4161
-0609,10/4/2018,0167,001.250,PLane1,25,9,3,2,5,28,134,208,206,198,199,186,229,243,284,341,341,415,319,283,184,133,72,43,4090
-0609,10/5/2018,0167,001.250,NLane1,7,6,6,11,32,66,234,399,348,288,257,254,249,284,327,339,325,344,318,188,102,69,68,39,4560
-0609,10/5/2018,0167,001.250,PLane1,24,12,8,8,6,23,110,193,202,198,226,236,323,353,367,419,456,465,391,266,202,200,161,100,4949
-0609,10/6/2018,0167,001.250,NLane1,14,4,4,6,15,26,45,112,176,191,197,262,337,330,329,304,373,361,269,191,135,84,36,45,3846
-0609,10/6/2018,0167,001.250,PLane1,65,15,7,5,20,37,58,111,160,214,278,263,271,305,333,309,310,349,209,168,181,170,126,85,4049
-0609,10/7/2018,0167,001.250,NLane1,10,11,8,4,7,18,33,41,84,118,151,184,302,352,334,299,382,496,505,347,168,76,22,13,3965
-0609,10/7/2018,0167,001.250,PLane1,37,22,7,2,8,15,34,26,80,162,167,227,477,431,393,293,382,321,239,146,128,73,47,27,3744
-0609,10/8/2018,0167,001.250,NLane1,9,5,6,11,25,100,211,361,354,284,251,249,273,287,249,301,332,382,267,143,74,62,11,12,4259
-0609,10/8/2018,0167,001.250,PLane1,10,4,5,4,4,32,133,201,227,223,199,234,257,249,263,399,414,376,265,257,221,167,53,19,4216
-0609,10/9/2018,0167,001.250,NLane1,5,7,7,9,50,130,276,447,396,300,239,252,259,235,232,292,298,388,229,127,96,63,16,11,4364
-0609,10/9/2018,0167,001.250,PLane1,20,7,7,5,9,40,155,222,244,206,212,217,216,224,257,379,427,400,365,243,187,123,78,29,4272
-0609,10/10/2018,0167,001.250,NLane1,6,8,3,8,40,118,273,400,401,239,245,222,255,207,187,238,274,269,251,185,90,55,12,9,3995
-0609,10/10/2018,0167,001.250,PLane1,16,10,2,3,6,20,111,184,211,210,179,190,225,199,246,374,377,404,340,230,197,106,64,19,3923
-0609,10/11/2018,0167,001.250,NLane1,2,10,9,6,47,113,291,384,358,266,207,196,234,191,207,263,313,351,223,154,92,67,37,12,4033
-0609,10/11/2018,0167,001.250,PLane1,21,10,4,5,10,46,117,186,168,169,192,182,208,196,262,392,367,413,328,227,182,138,82,36,3941
-0609,10/12/2018,0167,001.250,NLane1,6,8,4,7,37,109,237,348,356,293,254,286,274,248,278,304,381,360,279,159,106,77,56,32,4499
-0609,10/12/2018,0167,001.250,PLane1,32,14,3,6,5,29,125,210,233,203,220,234,268,325,331,421,413,422,338,239,197,194,150,74,4686
-0609,10/13/2018,0167,001.250,NLane1,16,7,12,11,25,33,73,148,210,278,280,315,356,326,327,325,307,315,294,199,139,84,51,44,4175
-0609,10/13/2018,0167,001.250,PLane1,45,28,10,7,11,30,66,113,161,253,305,307,284,326,373,322,344,296,248,186,179,154,116,75,4239
-0609,10/14/2018,0167,001.250,NLane1,17,15,5,4,6,20,36,48,99,112,168,156,244,213,224,212,238,254,211,165,147,72,22,9,2697
-0609,10/14/2018,0167,001.250,PLane1,44,32,6,9,2,20,26,42,95,105,142,151,210,182,249,253,260,263,174,143,120,69,44,15,2656
-0609,10/15/2018,0167,001.250,NLane1,7,7,3,9,49,137,260,397,374,235,233,216,188,197,196,281,294,319,220,162,82,41,17,6,3930
-0609,10/15/2018,0167,001.250,PLane1,10,3,4,4,6,36,141,184,180,158,184,188,205,206,236,317,405,454,339,259,155,115,65,22,3876
-0609,10/16/2018,0167,001.250,NLane1,15,6,5,12,45,130,278,388,362,296,253,239,224,219,235,253,327,336,261,170,100,46,34,11,4245
-0609,10/16/2018,0167,001.250,PLane1,22,16,3,7,6,34,120,217,212,148,180,219,219,263,261,335,419,417,335,204,181,141,85,39,4083
-0609,10/17/2018,0167,001.250,NLane1,6,3,5,4,46,117,269,356,361,312,288,253,255,226,263,326,343,357,230,130,73,72,20,20,4335
-0609,10/17/2018,0167,001.250,PLane1,29,9,4,0,6,30,142,206,237,204,192,249,242,271,291,346,388,405,348,257,180,136,72,63,4307
-0609,10/18/2018,0167,001.250,NLane1,11,6,6,4,40,117,231,281,295,263,275,273,294,256,239,258,258,322,245,142,84,56,22,27,4005
-0609,10/18/2018,0167,001.250,PLane1,29,10,10,2,6,24,156,190,210,217,225,202,256,270,320,324,353,370,272,221,187,155,100,56,4165
-0609,10/19/2018,0167,001.250,NLane1,12,9,8,9,39,70,177,247,262,248,258,253,267,262,282,297,297,284,232,133,99,62,47,40,3894
-0609,10/19/2018,0167,001.250,PLane1,27,9,6,6,9,13,109,167,192,178,200,281,286,269,333,324,357,376,263,216,178,123,88,80,4090
-0609,10/20/2018,0167,001.250,NLane1,13,9,7,4,19,33,44,86,148,160,224,23,341,248,274,299,300,313,272,179,115,94,36,35,3276
-0609,10/20/2018,0167,001.250,PLane1,47,20,11,2,18,36,78,102,124,143,191,480,197,250,290,273,293,265,221,171,148,137,130,78,3705
-0609,10/21/2018,0167,001.250,NLane1,15,8,4,5,9,24,24,39,87,111,166,150,254,206,230,246,286,299,246,206,118,67,32,12,2844
-0609,10/21/2018,0167,001.250,PLane1,55,21,6,7,5,23,46,33,108,96,149,174,225,231,263,260,315,257,150,172,114,74,47,19,2850
-0609,10/22/2018,0167,001.250,NLane1,7,7,4,6,38,125,257,426,401,273,229,244,267,215,249,277,328,297,169,128,74,42,24,11,4098
-0609,10/22/2018,0167,001.250,PLane1,11,10,1,1,4,39,149,170,199,167,184,229,233,251,268,354,369,443,358,201,150,85,69,28,3973
-0609,10/24/2018,0167,001.250,NLane1,6,5,5,8,48,124,269,402,413,291,226,253,231,216,248,299,325,341,260,142,114,58,31,11,4326
-0609,10/24/2018,0167,001.250,PLane1,13,9,8,2,4,26,163,211,216,208,212,219,219,244,300,413,367,428,411,263,193,123,73,46,4371
-0609,10/25/2018,0167,001.250,NLane1,7,6,3,4,40,136,274,383,400,288,221,263,231,202,217,283,356,336,203,146,96,52,27,18,4192
-0609,10/25/2018,0167,001.250,PLane1,22,7,8,3,5,22,144,203,236,186,172,205,216,249,285,364,413,426,363,251,204,132,113,57,4286
-0609,10/26/2018,0167,001.250,NLane1,8,13,3,7,35,111,219,383,330,291,243,233,251,274,295,288,308,328,251,189,110,88,58,40,4356
-0609,10/26/2018,0167,001.250,PLane1,28,10,8,5,8,20,132,205,196,180,205,218,270,274,318,426,351,381,346,231,209,209,118,85,4433
-0609,10/27/2018,0167,001.250,NLane1,23,4,4,4,16,38,42,138,192,246,317,332,332,324,293,333,325,326,256,189,118,102,92,47,4093
-0609,10/27/2018,0167,001.250,PLane1,36,18,10,7,4,22,69,114,131,199,233,270,303,276,317,299,321,332,292,217,199,160,147,90,4066
-0609,10/28/2018,0167,001.250,NLane1,28,6,9,5,6,16,27,39,73,136,121,170,217,246,272,286,299,332,244,200,133,63,30,17,2975
-0609,10/28/2018,0167,001.250,PLane1,31,18,13,8,4,6,33,33,62,128,130,194,210,295,293,273,294,232,175,144,156,82,46,22,2882
-0609,10/29/2018,0167,001.250,NLane1,4,11,3,5,47,146,290,411,397,281,237,258,220,206,217,268,352,343,188,116,72,44,22,13,4151
-0609,10/29/2018,0167,001.250,PLane1,12,4,4,3,9,21,136,196,197,181,187,234,225,206,253,336,377,412,360,244,174,106,78,32,3987
-0609,10/30/2018,0167,001.250,NLane1,6,5,3,8,45,131,295,444,396,311,232,258,257,234,243,297,373,361,200,115,112,63,18,20,4427
-0609,10/30/2018,0167,001.250,PLane1,23,6,5,2,5,28,131,219,198,185,186,217,229,232,335,378,424,489,353,251,181,128,72,24,4301
-0609,10/31/2018,0167,001.250,NLane1,6,6,4,6,51,130,267,437,422,284,245,227,245,233,242,303,318,248,170,129,160,121,55,20,4329
-0609,10/31/2018,0167,001.250,PLane1,29,8,8,5,7,23,142,233,216,187,167,218,244,262,286,428,510,495,289,154,155,109,70,31,4276
-0609,11/1/2018,0167,001.250,NLane1,13,6,0,6,39,123,297,405,353,267,257,191,208,205,207,253,279,310,205,125,93,60,19,12,3933
-0609,11/1/2018,0167,001.250,PLane1,27,7,3,5,6,22,130,201,175,178,150,182,191,204,206,360,410,419,344,216,195,137,65,36,3869
-0609,11/2/2018,0167,001.250,NLane1,7,7,4,7,43,110,244,367,373,245,245,242,244,264,256,308,336,325,241,132,69,72,83,27,4251
-0609,11/2/2018,0167,001.250,PLane1,14,15,4,9,4,28,112,233,173,176,179,201,241,268,277,367,381,394,358,256,211,193,126,78,4298
-0609,11/3/2018,0167,001.250,NLane1,17,7,10,5,15,45,63,127,186,236,215,265,264,307,275,265,263,280,247,154,82,58,49,44,3479
-0609,11/3/2018,0167,001.250,PLane1,38,11,6,4,6,16,41,74,112,159,201,213,250,239,259,283,301,293,229,197,168,147,112,79,3438
-0609,11/4/2018,0167,001.250,NLane1,10,3,2,2,6,5,19,41,58,76,123,145,146,232,152,143,209,180,205,150,142,119,47,15,2230
-0609,11/4/2018,0167,001.250,PLane1,41,17,9,3,2,0,10,24,36,108,97,130,143,147,167,171,190,237,227,115,105,111,53,35,2178
-0609,11/5/2018,0167,001.250,NLane1,14,7,9,3,5,51,143,318,731,275,219,262,238,232,232,291,352,320,171,74,54,31,20,13,4065
-0609,11/5/2018,0167,001.250,PLane1,23,13,7,0,1,5,35,137,343,196,195,218,234,225,258,335,421,493,336,183,146,104,62,17,3987
-0609,11/6/2018,0167,001.250,NLane1,6,5,6,13,51,147,314,413,385,292,224,216,257,225,250,291,324,323,163,84,64,43,27,15,4138
-0609,11/6/2018,0167,001.250,PLane1,19,8,2,4,7,43,141,230,200,200,203,205,235,228,263,373,422,406,337,199,150,123,59,30,4087
-0609,11/7/2018,0167,001.250,NLane1,2,3,5,9,50,138,302,434,401,275,234,251,246,191,224,311,392,359,170,85,69,32,25,10,4218
-0609,11/7/2018,0167,001.250,PLane1,23,11,5,3,5,44,140,224,192,208,197,191,195,225,281,412,430,418,335,201,190,110,89,25,4154
-0609,11/8/2018,0167,001.250,NLane1,7,4,0,13,49,127,281,410,411,292,234,233,242,190,233,310,342,298,169,79,68,51,17,6,4066
-0609,11/8/2018,0167,001.250,PLane1,23,10,7,2,6,36,127,206,199,195,196,200,219,227,262,369,392,398,323,229,182,125,62,23,4018
-0609,11/9/2018,0167,001.250,NLane1,7,8,2,11,46,108,248,345,322,219,249,246,220,236,272,270,332,303,197,123,81,70,43,36,3994
-0609,11/9/2018,0167,001.250,PLane1,17,13,5,6,6,30,118,158,159,204,153,197,206,293,284,423,355,390,312,241,156,161,127,74,4088
-0609,11/10/2018,0167,001.250,NLane1,9,2,3,8,17,34,62,125,183,255,274,298,294,309,264,269,304,264,195,119,84,68,60,32,3532
-0609,11/10/2018,0167,001.250,PLane1,36,19,5,2,2,10,47,106,146,192,247,252,290,239,261,300,250,267,237,176,175,173,121,76,3629
-0609,11/11/2018,0167,001.250,NLane1,28,7,9,3,10,20,31,50,105,108,177,151,238,197,200,248,228,217,158,144,112,53,28,9,2531
-0609,11/11/2018,0167,001.250,PLane1,24,13,9,4,2,4,27,51,158,70,151,134,234,199,169,223,226,201,125,134,120,64,37,18,2397
-0609,11/12/2018,0167,001.250,NLane1,9,5,1,9,41,88,232,365,371,283,225,226,218,193,220,280,342,305,146,101,61,35,15,7,3778
-0609,11/12/2018,0167,001.250,PLane1,15,5,3,2,9,39,128,181,193,169,175,186,201,211,251,323,362,380,300,190,152,96,56,20,3647
-0609,11/13/2018,0167,001.250,NLane1,6,7,4,9,49,142,269,451,394,286,237,254,241,221,247,315,342,307,195,112,79,44,16,8,4235
-0609,11/13/2018,0167,001.250,PLane1,18,6,5,5,6,39,109,206,208,191,189,211,223,205,292,369,419,426,344,209,158,121,73,42,4074
-0609,11/14/2018,0167,001.250,NLane1,4,3,2,11,48,137,299,416,389,273,237,253,227,208,233,308,370,324,177,97,79,33,26,12,4166
-0609,11/14/2018,0167,001.250,PLane1,27,8,2,3,5,34,137,211,204,186,172,205,211,241,258,366,412,433,327,228,180,115,66,30,4061
-0609,11/15/2018,0167,001.250,NLane1,7,5,4,9,48,152,275,399,359,300,238,239,235,237,233,309,394,380,193,96,68,55,23,6,4264
-0609,11/15/2018,0167,001.250,PLane1,22,9,7,1,6,39,130,238,193,178,168,196,212,245,281,394,409,434,365,211,185,171,81,35,4210
-0609,11/16/2018,0167,001.250,NLane1,10,9,3,8,43,110,252,395,370,297,260,265,267,337,317,356,389,347,168,94,49,47,53,30,4476
-0609,11/16/2018,0167,001.250,PLane1,20,7,8,8,5,33,111,226,265,220,211,245,267,339,329,369,398,374,299,191,182,167,151,58,4483
-0609,11/17/2018,0167,001.250,NLane1,14,5,11,9,11,36,71,130,174,229,256,243,308,296,257,266,300,304,180,104,82,69,47,28,3430
-0609,11/17/2018,0167,001.250,PLane1,40,25,5,6,2,29,55,95,186,148,204,201,236,228,270,258,287,248,218,197,158,157,148,62,3463
-0609,11/18/2018,0167,001.250,NLane1,17,6,7,4,7,21,24,44,91,106,189,159,231,168,221,219,287,189,133,132,133,64,24,9,2485
-0609,11/18/2018,0167,001.250,PLane1,51,28,6,7,2,15,23,48,127,102,145,139,203,195,244,230,219,206,153,125,101,74,38,20,2501
-0609,11/19/2018,0167,001.250,NLane1,7,10,4,6,46,143,305,386,413,309,280,240,270,256,239,342,373,323,159,104,59,48,28,20,4370
-0609,11/19/2018,0167,001.250,PLane1,15,5,3,3,7,32,112,204,208,207,183,233,239,239,280,397,411,451,370,232,182,111,66,23,4213
-0609,11/20/2018,0167,001.250,NLane1,4,7,4,7,44,134,287,406,387,290,272,357,353,377,345,374,442,372,185,87,64,46,39,21,4904
-0609,11/20/2018,0167,001.250,PLane1,27,12,5,3,7,45,124,314,351,270,251,261,286,313,305,388,392,382,360,246,200,165,87,55,4849
-0609,11/21/2018,0167,001.250,NLane1,9,5,7,9,36,122,225,308,378,318,321,346,385,386,400,480,412,321,178,114,94,74,46,28,5002
-0609,11/21/2018,0167,001.250,PLane1,47,17,7,4,6,28,125,262,382,329,314,317,368,394,428,432,351,421,304,201,166,126,125,58,5212
-0609,11/22/2018,0167,001.250,NLane1,11,12,3,4,15,15,35,80,124,141,220,318,314,324,218,221,264,357,326,248,210,129,73,22,3684
-0609,11/22/2018,0167,001.250,PLane1,34,14,6,4,5,13,53,168,305,259,290,343,419,390,313,209,135,151,153,134,141,131,70,50,3790
-0609,11/23/2018,0167,001.250,NLane1,12,6,5,10,21,42,71,127,165,216,301,350,367,344,333,394,402,220,155,78,73,50,46,25,3813
-0609,11/23/2018,0167,001.250,PLane1,20,12,11,5,5,10,60,157,295,281,292,276,287,259,258,275,256,227,207,165,129,111,98,41,3737
-0609,11/24/2018,0167,001.250,NLane1,8,8,2,8,8,25,43,71,90,168,242,359,362,362,345,387,442,275,171,87,80,42,49,47,3681
-0609,11/24/2018,0167,001.250,PLane1,24,9,4,3,4,9,52,132,350,237,255,240,233,243,238,256,236,204,229,186,139,111,77,56,3527
-0609,11/25/2018,0167,001.250,NLane1,29,16,6,5,11,19,23,46,80,108,140,207,281,275,325,374,335,214,139,128,84,39,26,18,2928
-0609,11/25/2018,0167,001.250,PLane1,70,37,7,3,3,9,30,129,299,214,220,209,213,189,204,185,218,182,128,115,89,59,32,21,2865
-0609,11/26/2018,0167,001.250,NLane1,10,22,10,24,86,312,538,830,800,500,450,550,606,550,484,652,664,313,165,75,56,47,23,9,7776
-0609,11/26/2018,0167,001.250,PLane1,22,24,2,10,14,56,238,448,534,442,402,410,440,452,526,674,746,429,342,199,132,107,89,18,6756
-0609,11/27/2018,0167,001.250,NLane1,5,8,4,12,44,139,268,434,409,278,277,256,301,274,284,329,386,370,167,73,50,39,20,6,4433
-0609,11/27/2018,0167,001.250,PLane1,23,13,5,5,8,28,111,248,260,239,234,232,262,246,254,394,405,452,351,231,164,132,54,28,4379
-0609,11/28/2018,0167,001.250,NLane1,5,3,4,6,44,136,278,394,402,276,229,253,248,245,222,296,337,253,154,81,56,46,15,8,3991
-0609,11/28/2018,0167,001.250,PLane1,18,10,2,5,6,23,117,213,227,227,193,219,216,246,252,307,349,400,355,188,164,117,60,28,3942
-0609,11/29/2018,0167,001.250,NLane1,7,5,5,9,45,140,276,373,347,240,230,272,307,263,242,295,335,294,160,68,62,43,17,10,4045
-0609,11/29/2018,0167,001.250,PLane1,21,12,5,5,7,23,116,222,299,253,213,218,213,233,253,321,338,401,318,177,144,111,71,41,4015
-0609,11/30/2018,0167,001.250,NLane1,12,6,3,10,30,81,214,323,315,255,261,402,403,350,342,347,470,293,143,72,69,60,71,41,4573
-0609,11/30/2018,0167,001.250,PLane1,15,6,4,5,8,29,85,272,496,350,273,287,272,335,293,332,327,383,242,170,155,136,83,41,4599
-0609,12/1/2018,0167,001.250,NLane1,20,11,3,9,12,32,57,100,171,248,356,458,449,463,446,533,628,387,207,120,69,110,76,31,4996
-0609,12/1/2018,0167,001.250,PLane1,50,11,3,3,2,22,43,235,633,399,452,372,377,325,297,363,270,257,222,168,146,192,141,69,5052
-0609,12/2/2018,0167,001.250,NLane1,22,14,4,6,2,15,35,38,72,76,129,185,284,259,314,359,420,221,121,87,86,41,16,11,2817
-0609,12/2/2018,0167,001.250,PLane1,33,20,9,5,1,12,38,148,388,296,223,246,207,159,150,162,186,125,81,77,107,58,30,18,2779
-0609,12/3/2018,0167,001.250,NLane1,4,10,3,13,43,119,252,412,309,149,162,179,249,246,270,329,404,314,168,73,61,37,23,8,3837
-0609,12/3/2018,0167,001.250,PLane1,12,7,2,2,10,32,95,167,166,190,273,191,171,193,193,312,350,434,299,188,162,115,74,19,3657
-0609,12/4/2018,0167,001.250,NLane1,7,5,4,13,41,126,291,429,374,277,234,281,310,283,340,340,406,352,170,101,80,41,18,10,4533
-0609,12/4/2018,0167,001.250,PLane1,15,9,3,9,13,20,106,234,364,312,252,229,238,249,246,348,397,431,362,236,178,141,75,26,4493
-0609,12/5/2018,0167,001.250,NLane1,5,5,7,10,28,92,199,372,310,225,211,253,297,270,292,424,436,294,169,80,124,46,23,8,4180
-0609,12/5/2018,0167,001.250,PLane1,20,13,3,3,7,25,115,210,337,331,219,221,221,219,245,298,340,442,331,206,168,122,75,33,4204
-0609,12/6/2018,0167,001.250,NLane1,7,6,3,15,52,131,299,399,358,264,254,310,319,289,293,424,435,375,195,97,95,57,27,8,4712
-0609,12/6/2018,0167,001.250,PLane1,18,7,4,2,9,25,149,230,338,321,249,247,261,244,268,363,422,466,301,213,187,161,90,72,4647
-0609,12/7/2018,0167,001.250,NLane1,11,5,6,7,46,108,235,385,341,261,275,317,352,398,402,456,583,386,212,99,96,77,67,38,5163
-0609,12/7/2018,0167,001.250,PLane1,28,12,6,5,6,23,123,244,464,367,265,294,316,394,328,381,394,319,376,210,178,199,183,75,5190
-0609,12/8/2018,0167,001.250,NLane1,17,10,7,3,12,31,46,122,200,326,273,377,456,458,425,623,767,410,224,135,85,104,93,57,5261
-0609,12/8/2018,0167,001.250,PLane1,25,24,10,6,1,13,82,293,598,439,366,403,397,376,363,347,314,252,281,196,166,194,120,82,5348
-0609,12/9/2018,0167,001.250,NLane1,26,11,6,10,9,13,26,33,111,124,187,224,320,311,373,540,526,303,132,143,141,74,31,15,3689
-0609,12/9/2018,0167,001.250,PLane1,28,16,14,4,1,5,35,173,466,378,330,290,275,228,205,183,252,212,131,129,117,76,40,20,3608
-0609,12/10/2018,0167,001.250,NLane1,9,4,1,7,42,153,251,416,383,257,244,280,281,283,296,383,371,333,206,139,66,40,21,14,4480
-0609,12/10/2018,0167,001.250,PLane1,12,5,6,3,4,23,107,239,305,264,214,242,228,257,290,351,416,449,353,210,186,122,58,22,4366
-0609,12/11/2018,0167,001.250,NLane1,10,4,5,12,49,131,283,414,392,234,275,273,297,267,296,400,411,352,183,71,77,58,48,12,4554
-0609,12/11/2018,0167,001.250,PLane1,17,12,4,6,8,27,118,256,318,288,213,208,225,247,286,383,424,427,371,236,159,153,91,27,4504
-0609,12/12/2018,0167,001.250,NLane1,5,6,2,9,44,147,261,369,311,174,151,193,235,202,219,332,352,305,165,86,71,38,22,12,3711
-0609,12/12/2018,0167,001.250,PLane1,12,7,4,6,4,29,130,212,255,227,150,150,187,193,203,282,327,391,301,190,154,134,87,33,3668
-0609,12/13/2018,0167,001.250,NLane1,10,2,5,11,52,126,247,371,372,273,274,306,393,358,405,466,502,375,201,93,80,60,38,12,5032
-0609,12/13/2018,0167,001.250,PLane1,20,8,4,1,5,25,136,253,474,440,249,284,280,266,277,360,414,437,319,194,195,176,109,67,4993
-0609,12/14/2018,0167,001.250,NLane1,11,8,2,7,34,112,220,348,327,249,249,333,348,419,364,479,551,362,214,100,59,81,75,38,4990
-0609,12/14/2018,0167,001.250,PLane1,34,11,6,4,5,22,98,253,452,403,249,299,320,334,300,373,361,393,295,201,217,187,152,108,5077
-0609,12/15/2018,0167,001.250,NLane1,17,8,8,10,12,37,56,96,169,270,320,331,492,434,528,705,781,362,199,122,119,82,95,49,5302
-0609,12/15/2018,0167,001.250,PLane1,46,20,7,3,3,19,72,222,630,492,408,400,375,342,321,344,263,241,239,202,224,183,140,108,5304
-0609,12/16/2018,0167,001.250,NLane1,24,9,4,5,2,20,21,40,90,120,171,218,367,369,354,532,539,269,130,115,139,93,45,19,3695
-0609,12/16/2018,0167,001.250,PLane1,39,20,5,1,1,11,44,167,439,422,381,285,304,224,177,216,234,164,150,135,121,81,48,21,3690
-0609,12/17/2018,0167,001.250,NLane1,21,6,5,9,51,142,268,387,384,289,245,314,322,335,305,395,418,315,161,127,72,58,22,9,4660
-0609,12/17/2018,0167,001.250,PLane1,15,7,2,2,8,24,116,237,328,345,233,244,253,266,282,383,393,447,325,191,204,144,90,34,4573
-0609,12/18/2018,0167,001.250,NLane1,8,8,8,12,47,150,275,421,379,285,288,299,313,318,322,437,466,353,203,89,79,68,37,22,4887
-0609,12/18/2018,0167,001.250,PLane1,22,11,7,7,17,26,135,235,396,350,233,249,238,266,272,348,426,457,357,285,201,149,72,39,4798
-0609,12/19/2018,0167,001.250,NLane1,8,7,4,12,47,123,245,391,420,276,298,326,317,313,331,425,456,358,240,109,107,52,28,16,4909
-0609,12/19/2018,0167,001.250,PLane1,30,13,2,5,9,26,151,246,352,329,275,261,263,283,298,378,434,449,387,205,238,165,126,36,4961
-0609,12/20/2018,0167,001.250,NLane1,8,8,6,7,46,149,269,386,358,328,318,344,388,342,394,510,625,386,225,164,96,66,39,21,5483
-0609,12/20/2018,0167,001.250,PLane1,19,17,6,6,9,33,151,257,456,407,305,307,321,347,346,362,397,451,296,305,229,188,133,58,5406
-0609,12/21/2018,0167,001.250,NLane1,13,11,2,10,37,97,190,298,339,338,332,433,522,466,518,599,692,387,191,107,98,81,56,34,5851
-0609,12/21/2018,0167,001.250,PLane1,32,14,5,4,6,23,126,268,574,506,472,399,390,411,380,423,401,288,383,227,209,199,171,71,5982
-0609,12/22/2018,0167,001.250,NLane1,11,6,6,9,14,28,59,79,177,239,290,414,487,500,449,672,777,401,172,130,162,114,70,37,5303
-0609,12/22/2018,0167,001.250,PLane1,39,15,11,0,2,29,63,281,673,474,399,363,374,349,334,346,309,276,234,201,200,205,153,81,5411
-0609,12/23/2018,0167,001.250,NLane1,28,10,3,6,8,23,26,67,86,133,228,239,291,331,442,487,499,247,148,147,150,86,60,26,3771
-0609,12/23/2018,0167,001.250,PLane1,44,28,12,6,1,9,40,161,470,309,311,309,268,239,270,259,248,208,184,139,147,107,73,41,3883
-0609,12/24/2018,0167,001.250,NLane1,15,11,1,7,11,35,60,123,170,235,279,346,470,533,513,547,559,363,135,369,253,123,99,43,5300
-0609,12/24/2018,0167,001.250,PLane1,18,14,7,2,7,19,51,208,748,438,384,348,397,360,358,406,422,392,264,152,181,143,101,39,5459
-0609,12/25/2018,0167,001.250,NLane1,12,6,3,1,5,11,11,18,55,77,163,199,300,336,322,408,441,328,173,176,130,88,50,30,3343
-0609,12/25/2018,0167,001.250,PLane1,16,12,4,2,3,7,32,108,257,235,234,283,339,292,261,246,222,139,131,131,116,90,43,23,3226
-0609,12/26/2018,0167,001.250,NLane1,15,7,4,7,34,73,136,214,252,272,278,368,464,424,488,589,793,422,191,91,89,82,49,38,5380
-0609,12/26/2018,0167,001.250,PLane1,31,7,7,5,13,33,105,319,626,449,417,402,371,372,342,343,322,311,272,161,155,121,94,47,5325
-0609,12/27/2018,0167,001.250,NLane1,10,9,5,5,31,88,139,241,232,252,254,290,344,350,361,538,693,373,180,84,74,60,34,19,4666
-0609,12/27/2018,0167,001.250,PLane1,29,21,6,4,6,21,115,229,544,412,302,295,321,277,272,319,293,317,243,183,146,112,101,76,4644
-0609,12/28/2018,0167,001.250,NLane1,24,10,8,20,54,136,296,456,500,534,616,764,818,842,525,649,852,448,217,99,87,51,57,26,8089
-0609,12/28/2018,0167,001.250,PLane1,50,28,18,18,6,54,234,542,1336,1048,832,792,794,654,362,358,352,325,249,203,193,133,110,55,8746
-0609,12/29/2018,0167,001.250,NLane1,17,7,4,6,12,34,34,96,154,188,243,319,402,398,407,602,720,427,190,129,84,90,49,25,4637
-0609,12/29/2018,0167,001.250,PLane1,49,13,8,4,5,18,81,229,513,405,371,379,327,319,294,304,270,217,197,156,177,152,110,64,4662
-0609,12/30/2018,0167,001.250,NLane1,14,11,2,3,8,22,24,44,80,101,193,190,291,236,281,466,375,244,97,86,60,47,40,24,2939
-0609,12/30/2018,0167,001.250,PLane1,29,12,5,10,2,8,51,134,409,290,288,263,249,175,175,201,165,138,104,79,74,66,44,28,2999
-0609,12/31/2018,0167,001.250,NLane1,12,14,4,9,24,46,108,176,223,232,251,337,437,456,539,600,597,290,164,114,83,67,55,43,4881
-0609,12/31/2018,0167,001.250,PLane1,25,4,5,3,4,31,65,262,699,457,374,342,303,321,327,339,340,285,256,164,110,80,70,47,4913